DR_FEMALE,DR_MALE,DR_LAST,DW_FEMALE,DW_MALE,DW_LAST,ELF_FEMALE,ELF_MALE,ELF_LAST,GNM_FEMALE,GNM_MALE,GNM_LAST,GOB_FEMALE,GOB_MALE,GOB_LAST,HELF_FEMALE,HELF_MALE,HELF_LAST,HORC_FEMALE,HORC_MALE,HORC_LAST,HFNG_FEMALE,HFNG_MALE,HFNG_LAST,HUM_FEMALE,HUM_MALE,HUM_LAST,ORC_FEMALE,ORC_MALE,ORC_LAST
NYSYASSA,NAKUL,CRINCACMIR,ACA,ADKUHM,OF THE AXEBREAKERS,AELENE,AEGO,ADANELL,BELINDA,BINGLES,OF ABREN,FIRENZA,SUFFLES,STONETHROWER,AGNES,AEGO,ADAMS,AGNES,AARON,ADAMS,ADALDRIDA,ADALGRIM,AMSTER,AGNES,AARON,ADAMS,MURSHA,CHAKUB,OF ANGO'ROSH
SOSIRA,WULWUNAX,YALDUASH,ACAIDA,AKADUM,OF THE COPPERPOTS,AELINOR,AELRINDEL,AELASAR,ARDIA,FLIMP,OF  AELNOR,FILETTE,SLURRY,FLESH-EATER,ALICE,AELRINDEL,AGUILAR,ALICE,ADAM,ARNOLD,AMARYLLIS,ADELARD,ASHWORTHY,ALICE,ADAM,AGUILAR,NAZ,DUFFTHUG,OF BLACK TOOTH GRIN
ERLIPATYS,OTIYTHAS,UAXAL,ADAL,ANIN,OF THE MITHRIL-BORN,AEMMA,AERENDYL,AELOROTHI,RONI,TORJI,OF  BACHIN,,BIMPLE,MAN-CARVER,ALICIA,AERENDYL,ALEXANDER,ALICIA,ADRIAN,BELL,AMRANTH,ALTON,BANDAWAX,ALICIA,ADRIAN,ALEXANDER,MAUI,GOLLIK,OF BLACKROCK
VALQOREL,MORVARAX,KRUAMRITH,ADEELA,ANSPORI,OF THE SILVERBEARDS,AKASH,AESON,AENDRYR,SASSAFRAS,ADAN,OF  BANILOR,,COOKLER,STEALTH-HUNTER,ALLISON,AESON,ALLEN,ALLISON,ALAN,BENNETT,ANGELICA,ANDWISE,BOFFIN,ALLISON,ALAN,ALLEN,NOBFANG,ZOGSTUF,OF BLADESPIRE
LILOFYIRE,FAERXAN,KLOLDRINDEAD,AIDURA,ANVARI,OF THE BLUE MOUNTAIN CLAN,ALAESA,AFAMRAIL,AERASUMÉ,DIP,INKLE,OF  BLACKROCK,,CARKLE,FIRE-BRINGER,ALMA,AFAMRAIL,ALVARADO,ALMA,ALBERT,CASTILLO,ASPODEL,ANSON,BOLGER,ALMA,ALBERT,ALVARADO,DUZHAR,ROK,OF BLEEDING HOLLOW
THERBIS,KRIVJHAN,CREASTATORRUN,AILGIEL,ARI,OF THE CRAGHAVEN DWARVES,ALAGLOSSA,AGIS,AERAVANSEL,OONI,MALEAH,OF  BLIMTH,,DORMUN,MAGIC-WEAVER,AMANDA,AGIS,ALVAREZ,AMANDA,ALBERTO,COLE,BELBA,BALBO,BRACEGIRDLE,AMANDA,ALBERTO,ALVAREZ,NAFFURTY,GRIMFANG,OF BLOODMAUL
CRISTHYRA,ERAGRAX,CLERRHON,AINDINA,AURAR,OF THE IRONHELMS,ALAIS,AILMAR,ALDAVAL,ADVA,JUMBO,OF  DANASK,,JIM,FARSHOOTER,AMBER,AILMAR,ANDERSON,AMBER,ALEX,DAY,BELLADONNA,BANDOBRAS,BROWNLOCK,AMBER,ALEX,ANDERSON,BUZUM,ROKBLORGGOR,OF BOULDERFIST
KANORAE,KRIVROTH,NYUULDUS,ALERIS,AUSTI,OF THE CRAGHOLD CLAN,ALAUTHSHAE,AITHLIN,ALOIENE,TALLIE,QUINN,OF  DURIM,,HIBOP,,AMY,AITHLIN,ANDREWS,AMY,ALEXANDER,DOMINGUEZ,BERYLLA,BEAU,BRUSHGATHER,AMY,ALEXANDER,ANDREWS,ZOGUZ,WORTSNAGA,OF BURNING BLADE
VALMEILA,WUVARAX,AXOR,ALINDA,AVALDUR,OF THE CRANNOG CLAN,ALAVARA,AKKAR,ALQUALONDE,AMORETTE,ATWARD,OF  FASKETEL,,JANGLE,,ANA,AKKAR,ARMSTRONG,ANA,ALFRED,ESTRADA,CAMELLIA,BILL,BULLROARER,ANA,ALFRED,ARMSTRONG,TA,BAGUL,OF CRUSHRIDGE
LORARINN,DOCRATH,THACODIMIN,AMARA,BAERDAL,OF THE BOATMURDERED,ALEA,ALABYRAN,AMARATHARR,CHARLENE,KRANKLE,OF  FURNAK,,FLEZOP,,ANDREA,ALABYRAN,ARNOLD,ANDREA,ALFREDO,FISHER,CARISSA,BINGO,BUNCE,ANDREA,ALFREDO,ARNOLD,MEKSLAG,NAZNOB,OF DEADWIND
ZOFSHANN,RAVOROTH,VOCCITH,ARVIA,BALIN,OF THE ALDERFISTS,ALERATHLA,ARANEL,AMARTHEN,ARMIDA,MIKI,OF  GALEB,,FLORB,,ANGELA,ARANEL,AUSTIN,ANGELA,ALLAN,FORD,CELANDINE,BODO,BURROWS,ANGELA,ALLAN,AUSTIN,GLUGKA,ORKNACK,OF DRAGONMAW
ESHSIRA,WRASETH,NUMBUCMID,BAGLIA,BALSKJALD,OF THE ASHENFORGE,ALLANNIA,ARAZORWYN,AMMATH,TANSI,NIRBERT,OF  GREATORM,,FALOO,,ANITA,ARAZORWYN,BAILEY,ANITA,ALLEN,FOWLER,CHARMAINE,BOLGER,CHUBB,ANITA,ALLEN,BAILEY,NAZGUL,MEKUZ,OF DREADMAUL
JOVYRE,WORQIROTH,FOLMAC,BAGRNA,BALTHRASIR,OF THE BIRCHSTONE,ALLORALLA,BELEG,AMRALLATHA,JENNA,MIMPUS,OF  GROSKO,,,,ANN,BELEG,BAKER,ANN,ALVIN,GARRETT,CORA,BUNGO,COTTON,ANN,ALVIN,BAKER,BUGSEL,THRODROK,OF DUNEMAUL
ARIHIME,BALXAN,LUALRUR,BAMIRA,BANDAN,OF THE ELDERBEARDS,ALYS,BELUAR,ANUAER,JUBIE,FLARGIN,OF  HARDIN,,,,ANNA,BELUAR,BANKS,ANNA,ANDRE,GOMEZ,CRYSTAL,CADE,DALE,ANNA,ANDRE,BANKS,MAG,WAZGUT,OF DUSTBELCHER
MALZYS,XARVARAX,AMRUAJAD,BARGUN,BANGRIM,OF THE HAZELAXES,AMARYLL,BIAFYNDAR,ARDORIUS,TRIXIE,BURDLE,OF  HYMNIR,,,,ANNE,BIAFYNDAR,BARNES,ANNE,ANDREW,GRAY,DAISY,CALKIN,DUDLEY,ANNE,ANDREW,BARNES,NAZSNAGA,HEDDRAK,OF FIREGUT
CRISMYSE,FAERJURN,KLEALKIAR,BAVOLA,BARDAGUL,OF THE HOLLYSTRAK,AQUILAEN,BIALAER,ARTORDHRON,HALF-PINT,SMALL-FRY,OF  JARNAK,,,,ANNETTE,BIALAER,BELL,ANNETTE,ANDY,HANSON,DIAMOND,COTMAN,GAMMIDGE,ANNETTE,ANDY,BELL,NUBBOG,RATNOB,OF FROSTWOLF
NAGIL,TAZLIN,KLICHUUTH,BRAKA,BELDRUM,OF THE JUNIPKIL,AREDHEL,BRAERN,AUGALVARYL,JINKY,JIBS,OF  KELLEN,,,,ANNIE,BRAERN,BENNETT,ANNIE,ANGEL,HAYES,DONAMIRA,COTTAR,GAMWICH,ANNIE,ANGEL,BENNETT,NUBSHAK,ONGNE,OF GORDOK
SUWOPHYL,SULPRAX,CRALTHUD,BRANA,BENDAIN,OF THE OAKENSHIELD,ARWEN,BRIARETH,BEINION,HELNA,ROWAN,OF  KYRI,,,,APRIL,BRIARETH,BERRY,APRIL,ANTHONY,HILL,DORA,DROGO,GARDNER,APRIL,ANTHONY,BERRY,MAGNOB,ROTSTUF,OF GORDUNNI
KAHYMM,WRALIN,TEMMUDAK,BRARYNN,BENDAN,OF THE ROWANGGA,AXILIA,CAMERON,BEOR,JINXIE,SHORT-SHOT,OF  LUNDOR,,,,ARLENE,CAMERON,BISHOP,ARLENE,ANTONIO,HOWELL,EGLANTINE,DUDO,GOODBARREL,ARLENE,ANTONIO,BISHOP,GOBGUL,THOKGRIM,OF LAUGHING SKULL 
ORINORAE,GHERASH,AMREASHTUR,BRYNJA,BERIS,OF THE WILLOWGART,AYAEQLARUNE,CELEBORN,BRAEGEN,BELITA,SIMON,OF  MERREN,,,,ASHLEY,CELEBORN,BLACK,ASHLEY,ARMANDO,HUNTER,ELANOR,ELDON,GOODBODY,ASHLEY,ARMANDO,BLACK,MORSKAB,BADSNIK,OF MO'GROSH
GRIGIL,ZRARINN,FOLDRAANKONID,CADADRA,BHALKYL,OF THE YEWHAMMER,AZARIAH,CELEBRIMBOR,BRIARBOSK,ZITA,TONK,OF  NESSIK,,,,AUDREY,CELEBRIMBOR,BOWMAN,AUDREY,ARNOLD,KIM,ESMERELDA,FALCO,GREENBOTTLE,AUDREY,ARNOLD,BOWMAN,SKARSNAGA,ZUGUG,OF MOK'NATHAL
RASHIFYIRE,IORFARN,KREPHUARID,COLA,BHALMUN,OF THE ROCKRACKS,BAELEN,CHATHANGLAS,BRIGHTCLOAK,TWITCH,LETT,OF  PERNOR,,,,BARBARA,CHATHANGLAS,BOYD,BARBARA,ARTHUR,LEE,EUPHEMIA,FASTOLPH,GREENSPAN,BARBARA,ARTHUR,BOYD,GRUMSHAK,MEKSKAB,OF MOSH'OGG
ZOFSIRA,LUMISKAN,CAREK,DADY,BHARROM,OF THE STONEBORNS,BEALA,CHEYRTH,BRIGHTSONG,SHANNA,MIETTE,OF  QUINDAL,,,,BEATRICE,CHEYRTH,BRADLEY,BEATRICE,BARRY,LI,GILLY,FILIBERT,GRUB,BEATRICE,BARRY,BRADLEY,MEKBAG,U,OF OGRI'LA
LILOXIRIS,DURBARUM,NARNAJIR,DAGNI,BHELKAM,OF THE HAMMERPANTS,BHURAELEA,CÍRDAN,BRIGHTSPEAR,SPRINKLE,YANI,OF  RANADAL,,,,BECKY,CÍRDAN,BROOKS,BECKY,BEN,MYERS,GWISTON,FLAMBARD,HAMSON,BECKY,BEN,BROOKS,SKARSNAGA,DURROT,OF SPIRESTONE
ERLIVYRE,YORZAVUR,KARRHISH,DAGURA,BILBUR,OF THE IRONSETS,BLYTHSWANA,CLUHURACH,BRIGHTSTAR,TOES,DONNY,OF  RIVENSTONE,,,,BERNICE,CLUHURACH,BROWN,BERNICE,BENJAMIN,OLIVER,HILDA,FOSCO,HEATHERTOE,BERNICE,BENJAMIN,BROWN,NARUZ,RONKROS,OF SPLINTER FIST
YAVYRE,RASQIROTH,CERTHEJAAL,DALVURA,BJARKI,OF THE GOLDBOUNDS,BONNALURIE,CLUYM,BRIGHTWING,ZINNA,WARDO,OF  RUSTEK,,,,BERTHA,CLUYM,BRYANT,BERTHA,BERNARD,OLSON,JILLIAN,GARRET,HIGHHILL,BERTHA,BERNARD,BRYANT,NAZARG,DAKAGOB,OF STONEGULLET
QICYS,GREYAX,CECHIKEL,DANONA,BOFAR,OF THE COPPERTONES,BRAERINDRA,COHNAL,CASTIEN,BONITA,HERBLE,OF  RUTVOR,,,,BESSIE,COHNAL,BURKE,BESSIE,BILL,PARKER,LAVINIA,GENRILL,HILLTOPPLE,BESSIE,BILL,BURKE,UZSHAK,SKARGOB,OF STONEMAUL
PERTHIBRA,GORAXAN,UCER,DARTHORA,BRAGI,OF THE DARKSEEKERS,CAERTHYNNA,CONALL,CAUNDUR,ROXY,GNORBITT,OF  SASKEN,,,,BETH,CONALL,BURNS,BETH,BILLY,REYNOLDS,LIDDA,GRIFFO,HORNBLOWER,BETH,BILLY,BURNS,BRUBWORT,MEKBAG,OF TON'MA
DRYSTHIBRA,ZRAGAR,YUMPUTHORGUUN,DAVIA,BRAMDAHR,OF THE FORGEKEEPERS,CALAREL,CONNAK,CELELAETH,SAHANA,HISXIF,OF  SHASTO,,,,BETTY,CONNAK,BURTON,BETTY,BOB,RICHARDSON,LILY,HALFRED,JALLISALL,BETTY,BOB,BURTON,BRUBSNAGA,UGSKAB,OF TORCHBELCHER
QIMEILA,RASMORN,TUAPHEK,DAVLIA,BRAMDUR,OF THE SHOPSWEEPERS,CAULADRA,CORNAITH,CERERINDUR,TULLA,ROMPUS,OF  SKERRIT,,,,BEVERLY,CORNAITH,BUTLER,BEVERLY,BOBBY,SANDOVAL,LOBELIA,HILDIGRIM,KAESE,BEVERLY,BOBBY,BUTLER,SKARSTUF,SNIKNOB,OF TWILIGHT'S HAMMER
DRYSSHANN,WRAKRIS,DIMPEADULUS,DEFAS,BRANMAND,OF THE BOOZEBEARDS,CELEBRÍAN,CORYM,CHAMARANTHE,KIERNA,ARIPINE,OF  TAMBLE,,,,BILLIE,CORYM,CAMPBELL,BILLIE,BRAD,SIMS,MALVA,HOB,KALLIWART,BILLIE,BRAD,CAMPBELL,SHAKFANG,GROTSHAK,OF WARMAUL
GRISIRA,RAVOBROTH,SHORNASH,DIGNA,BRUSY,OF THE DÛNHARK,CHANDRELLE,CURUNIR,CLATHARLA,JUBILEE,DINKY,OF  TAVARTARR,,,,BOBBIE,CURUNIR,CARLSON,BOBBIE,BRADLEY,SINGH,MARIGOLD,HOLMAN,LEAGALLOW,BOBBIE,BRADLEY,CARLSON,URTY,SNIKGRUB,OF BONECHEWER
NYSMEILA,PAQULL,ERNANTHIJAR,DIGONA,BRYNJOLVUR,OF THE KHAZAD’AMON,CHASIANNA,CYMBIIR,CORELLON,JEWEL,TINK,OF  TERRICK,,,,BONNIE,CYMBIIR,CARPENTER,BONNIE,BRANDON,TAYLOR,MAY,KEPLI,LINDENBROOK,BONNIE,BRANDON,CARPENTER,WAZFANG,DAKAGROT,OF LIGHTNING'S BLADE 
WRAWOPHYL,CAERFRAS,MYEMRIK,DILGANA,DAGUR,OF THE GOLDEN DWARVES,CHICHLANDRA,CYSTENN,CORMYTH,RUBY,FINDO,OF  TURCO,,,,BRANDY,CYSTENN,CARR,BRANDY,BRENT,THOMAS,MELINDY,LARGO,MARMIDAS,BRANDY,BRENT,CARR,MAGGOR,SNIKGUT,OF SHADOWMOON
ESHRIEL,ZRAFARN,YELXIDAK,DILURA,DAIN,OF THE ORCSHORN,CHIN’NESSTRE,DAEHARICE,COUDOARLUTH,TWO-BIT,BIXI,OF  URVOR,,,,BRENDA,DAEHARICE,CARROLL,BRENDA,BRETT,TUCKER,MENTHA,LONGO,MELILOT,BRENDA,BRETT,CARROLL,GRUMSTUF,SKABGRIM,OF SHATTERED HAND
QIFYIRE,OTIVULL,GAARTHAR,DILVINA,DALNUR,OF THE HAFGREY,CHOMYLLA,DAEMEON,CRAULNOBER,YVES,ZIGGY,OF  UVARKK,,,,BRITTANY,DAEMEON,CARTER,BRITTANY,BRIAN,VALDEZ,MERLA,LOTHO,MILLBRIDGE,BRITTANY,BRIAN,CARTER,WORTSHAK,ZOGWORT,OF STORMREAVER 
KOMEILA,BELJHAN,MYIMRIN,DINDILA,DARMOND,OF THE HAFDUERGAR,CIYRADYL,DAKATH,CRYSTALIS,SOLITA,TAROE,OF  VANDEK,,,,CARLA,DAKATH,CASTILLO,CARLA,BRUCE,WARD,MIMOSA,LYLE,MILLICINY,CARLA,BRUCE,CASTILLO,MAGSLAG,GROTWORT,OF THUNDERLORD
BELBIRITH,JARYAX,GILXEKILLUC,DIRANA,DASKJALD,"OF THE SKY LORDS, RIDERS OF GRIFFONS",DAEALLA,DALYOR,CUBRINMYR,VIVECA,WALBY,OF  VILIO,,,,CARMEN,DALYOR,CASTRO,CARMEN,BRYAN,WEAVER,MIRABELLA,MILO,MONTAJAY,CARMEN,BRYAN,CASTRO,WAAFANG,ROTGOB,OF WARSONG
DARINA,VORJURN,ONXIDELITH,DIRILA,DJONI,OF THE RAMRIDER,DAENA,DARCASSAN,DARKBROOD,PIPI,TIMTOM,OF  WALNIR,,,,CAROL,DARCASSAN,CHAPMAN,CAROL,BYRON,WELCH,MYRTLE,MINTO,NEWTAN,CAROL,BYRON,CHAPMAN,MEKARG,MEKBAD,
KOHIME,NARGHULL,KIPHIR,DIVIRA,DOLDRAM,OF THE LORDS OF THE GYRE MOUNTAINS,DAENESTRA,DIOR,DARKCLOAK,ROSINE,WICKET,OF  WHITEHORN,,,,CAROLE,DIOR,CHAVEZ,CAROLE,CALVIN,WHEELER,PANSY,MORRO,OLDFUR,CAROLE,CALVIN,CHAVEZ,MEKSOG,GRUMGOR,
VALPATYS,BELZIROS,CRANCAR,DOGRILA,DORVARI,OF THE FIREBEARDS,DAENYS,EARENDIL,DARKWING,WHITLEY,AITHNE,OF  YIMBLE,,,,CAROLINE,EARENDIL,CHEN,CAROLINE,CARL,WILLIAMSON,PEARL,MOSCO,ORGULAS,CAROLINE,CARL,CHEN,NUBSHAK,NUBGROT,
MIBIRITH,QELNAAR,ICCUUC,DOLANA,DRAUPIN,OF THE SKYMINER,DAEONDRA,EDRAHIL,DERYTH,BRANDI,WINKLE,OF  BRADA,,,,CAROLYN,EDRAHIL,CLARK,CAROLYN,CARLOS,OF ANGO'ROSH,PEDDEREE,MUNGO,OSTGOOD,CAROLYN,CARLOS,CLARK,WAA,DAKAGROD,
URIQOREL,HETRIN,KRIALRAS,DONDNA,DUFIN,OF THE KHARAK’BAST,DOREAH,ELADITHAS,DOR-LOMIN,PIPPY,PEBBLE,OF  BENAK,,,,CARRIE,ELADITHAS,COLE,CARRIE,CASEY,OF BLACK TOOTH GRIN,PEONY,ODO,OVERHILL,CARRIE,CASEY,COLE,GRIMGROD,GOBNOB,
IRLYVYS,FROKRIS,YORTHUS,DORA,EBDRUS,OF THE GNARLBEARDS,ELARIA,ELANJAR,DRAGONRIDER,DAFFODIL,DEMI,OF  CERMA,,,,CASSANDRA,ELANJAR,COLEMAN,CASSANDRA,CECIL,OF BLACKROCK,PETRILLY,OLO,QUETTORY,CASSANDRA,CECIL,COLEMAN,WAZSLAG,MORGUT,
KELSHANN,KILSKAN,URRHAAN,DOROLA,EBGRAN,OF THE QUARTZEATERS,ELENWE,ELARAN,EAGLELORD,TOPSY,BINK,OF  HUBA,,,,CATHERINE,ELARAN,COLLINS,CATHERINE,CHAD,OF BLADESPIRE,POPPY,OSBORN,SHORTWICK,CATHERINE,CHAD,COLLINS,NAZFUG,WORTROT,
FENNYS,LORQIROTH,SHAAMMASIJIC,DOTHURA,EDMUNDUR,OF THE MCKNUCKLES,ELLANIA,ELASHOR,EALOLOTH,SMIGGLES,RUNT,OF  JANDA,,,,CATHY,ELASHOR,CONTRERAS,CATHY,CHARLES,OF BLEEDING HOLLOW,PORTIA,OTHO,SIRE,CATHY,CHARLES,CONTRERAS,NUBFANG,SNAGAGOR,
IRLYRISH,YORKAX,DRARNOK,DRAGROLA,EIKI,OF THE IRONJAWS,ELORA,ELBAUTHIN,EALOVIEL,BRENNA,BRASS,OF  LANIK,,,,CHARLENE,ELBAUTHIN,COOK,CHARLENE,CHARLIE,OF BLOODMAUL,PRIMULA,PALDO,TALBOT,CHARLENE,CHARLIE,COOK,NAZGOB,NARGOG,
KOXORA,ARKUL,MALXAAN,DRAMOLA,EILIVUR,OF THE SUREFOOTS,ELWING,ELBERETH,EARCORN,CENNA,CELQYS,OF  NOVAK,,,,CHARLOTTE,ELBERETH,COOPER,CHARLOTTE,CHESTER,OF BOULDERFIST,PRISCA,PEREGRIN,TEALEAF,CHARLOTTE,CHESTER,COOPER,MEKBAD,NARSTUF,
XYWOPHYL,HISKAN,KLUAPOR,DRARGNA,ELINDUR,OF THE LONGWALKERS,ELYSSA,ELDAERNTH,ELAÉYADAR,KOEMI,ODAFI,OF  RYBAR,,,,CHERYL,ELDAERNTH,COX,CHERYL,CHRIS,OF BURNING BLADE,ROSE,PERVINCE,THORNGAGE,CHERYL,CHRIS,COX,SNIKBOG,DUFFRUNT,
LILORANN,GORALIN,NYOMBUKMUL,DRARGURA,ERMRIG,OF THE SONS OF IRON,FHAERTALA,ELDAR,ELASSIDIL,TEAGAN,JIBB,OF  SEDLAK,,,,CHRISTINA,ELDAR,CRAWFORD,CHRISTINA,CHRISTIAN,OF CRUSHRIDGE,RUBY,PIMPERNELL,TIGHFIELD,CHRISTINA,CHRISTIAN,CRAWFORD,ZOGUZ,ROTGRIM,
SUFYIRE,RHOGAR,FAALDINTHARRUN,DRATHOLA,FILAR,OF THE EARTHCHILDREN,FILAUREL,ELDRIN,ELERELWA,JELSSA,WIZZLE,OF  VAVRUS,,,,CHRISTINE,ELDRIN,CRUZ,CHRISTINE,CHRISTOPHER,OF DEADWIND,SERAPHINA,POLO,TOSSCOBBLE,CHRISTINE,CHRISTOPHER,CRUZ,NAZGRUB,SKARBAD,
ZOFGWEN,YORKRIS,UUXIRIRGEK,DUGRONA,FINN,"OF THE SMITHS (PEWTER SMITH, GOLD SMITH, GUN SMITH)",FILAURIA,ELÉNARIL,ELIAN,TOLPI,PEANUT,,,,,CHRISTY,ELÉNARIL,CUNNINGHAM,CHRISTY,CLARENCE,OF DRAGONMAW,SUSANNAH,PONTO,TRILL,CHRISTY,CLARENCE,CUNNINGHAM,WAAWORT,GOBBOG,
HALYASSA,JINWUNAX,MACCAL,DUNORA,FJALIN,OF THE LEADBELLY,FILDAERAE,ELENSHAER,ELKENMAGE,LAMALA,OSCAR,,,,,CINDY,ELENSHAER,DANIELS,CINDY,CLAUDE,OF DREADMAUL,VERNA,PORTO,UNDERBOUGH,CINDY,CLAUDE,DANIELS,TOROBOG,DREGBAD,
ARIZYS,NARGRAX,MEMPAL,DURIS,FLOI,OF THE GRITSWORD,FINDUILAS,ELROND,ELLARIAN,WINDY,DIRG,,,,,CLAIRE,ELROND,DAVIS,CLAIRE,CLAYTON,OF DUNEMAUL,VILOET,POSCO,WEATHERBEE,CLAIRE,CLAYTON,DAVIS,CHICHLANDRA,URTYDREG,
GURGWEN,MEDMORN,UNXAS,ELOIRA,FLOKI,OF THE GOLDENBRACE,FRAEYA,ELUCHIL,ELOND,YESSI,WESTIE,,,,,CLARA,ELUCHIL,DAY,CLARA,CLIFFORD,OF DUSTBELCHER,,RONALD,,CLARA,CLIFFORD,DAY,TRANDBAD,WAAGOB,
AQWEN,TAZWUNAX,TIRDUNKUNDAK,ELORA,FRAEG,OF THE ENEMYFIGHTERS,GAELIRA,ELWIN,ERLADDEN,OLGA,DEWEY,,,,,CLAUDIA,ELWIN,DEAN,CLAUDIA,CLIFTON,OF FIREGUT,,RORIMAC,,CLAUDIA,CLIFTON,DEAN,AKASH,ZOGGOG,
ZENBIS,JINRASH,DILTHETH,ERET,FROSTAR,OF THE DIRGEBANE,GAERRADH,ERLAN,ERLSHADE,LILLIPUT,LONDO,,,,,COLLEEN,ERLAN,DELGADO,COLLEEN,CLINTON,OF FROSTWOLF,,ROSCOE,,COLLEEN,CLINTON,DELGADO,VAALGUZ,BADBOG,
QUILTHIBRA,DOLIN,MERDIJAD,ERLA,FULLA,OF THE KHAG,GALADRIEL,ERLATHAN,EROTH,DOLLY,STUBBS,,,,,CONNIE,ERLATHAN,DIAZ,CONNIE,CLYDE,OF GORDOK,,RUFUS,,CONNIE,CLYDE,DIAZ,FRAEYA,WORTGOB,
THERDALYNN,NESLASAR,KLIPHITH,ESTUR,FUNDAR,OF THE AKURKAM,GAYLIA,EROAN,ERUIEN,BROOKE,KARL,,,,,CONSTANCE,EROAN,DIXON,CONSTANCE,CODY,OF GORDUNNI,,SAM,,CONSTANCE,CODY,DIXON,DAEGRUB,OGSOG,
NALIANN,KILYAX,DELMOKMIDOC,FACA,GALREN,OF THE CHAZAKÜL,GHILANNA,EROLITH,ERUNONIDAN,TINA,MUDDY,,,,,COURTNEY,EROLITH,DOMINGUEZ,COURTNEY,COREY,OF LAUGHING SKULL ,,SANCHO,,COURTNEY,COREY,DOMINGUEZ,ELWING,NAZZOD,
THERYASSA,NAQRIN,GAMTICOSH,FADA,GALTHRUM,OF THE GRIMSLEEPERS,GILGALAD,ESCHALLUS,ESTELDA,LIL,ISTIL,,,,,CRYSTAL,ESCHALLUS,DUNCAN,CRYSTAL,CORY,OF MO'GROSH,,SARADAC,,CRYSTAL,CORY,DUNCAN,AELBOG,NOBSTUF,
QUILSHANN,WORCIAR,EMBIACNIRGIR,FARISCHA,GARGROM,OF THE DEEP-CRAG CLAN,GLORFINDEL,ESTELAR,EVANARA,MERRY,SETT,,,,,CYNTHIA,ESTELAR,DUNN,CYNTHIA,CRAIG,OF MOK'NATHAL,,SEREDOC,,CYNTHIA,CRAIG,DUNN,WAADHEL,NAZLUG,
ERLIRINN,DRAKAX,CEMTUN,FEREV,GARMAN,OF THE ROCKJAW CLAN,GLYNNII,ETCHELION,FAEFINDAS,BANXI,BOIK,,,,,DAISY,ETCHELION,EDWARDS,DAISY,CURTIS,OF MOSH'OGG,,THEADRIC,,DAISY,CURTIS,EDWARDS,AELINOR,SKABTHUG,
CALIANN,PAZIRE,NEMMIASHKMEK,FERVIA,GEIRFINNUR,OF THE HIGHCLIFF CLAN,GWEYR,ETHLANDO,FAELEN,KNAZ,RIGGER,,,,,DANA,ETHLANDO,ELLIOTT,DANA,DALE,OF OGRI'LA,,TOLMAN,,DANA,DALE,ELLIOTT,RAVABAD,GORLUG,
YRQWEN,HIXAN,ENXENDREK,FIDAN,GEIRUR,OF THE STEEL WHOOLE CLAN,GWYNNESTRI,ETTRIAN,FAENION,BANLI,LOAM,,,,,DANIELLE,ETTRIAN,ELLIS,DANIELLE,DAN,OF SPIRESTONE,,WELLBY,,DANIELLE,DAN,ELLIS,DAEONDRA,UGSTUF,
NESZYS,ORLASKAN,TIALTETAR,FIDEN,GIMMYL,OF THE FISSUREFISHER CLAN,GYLLEDHA,EVINDAL,FAENOR,FLIPS,RODEN,,,,,DARLENE,EVINDAL,ESPINOZA,DARLENE,DANIEL,OF SPLINTER FIST,,WILCOME,,DARLENE,DANIEL,ESPINOZA,TEHLGRUB,SKABROT,
NESGWEN,CALUGAR,AXIC,FJOLA,GIMREN,OF THE DUSTBUSTER CLAN,HAALIJA,EYRYNNHV,FAERONDALAN,POPPY,VONOVE,,,,,DAWN,EYRYNNHV,ESTRADA,DAWN,DANNY,OF STONEGULLET,,,,DAWN,DANNY,ESTRADA,HACATHRA,ZOGROT,
ERLISIRA,PASKAN,NARJUN,FRAI,GISLI,OF THE MOUNTAINHALL CLAN,HACATHRA,EYRYNNHV,FELARATHAEL,TAWNIE,ORSYS,,,,,DEANNA,EYRYNNHV,EVANS,DEANNA,DARRELL,OF STONEMAUL,,,,DEANNA,DARRELL,EVANS,GILBAD,NAFFGROD,
SOBITH,BELCRATH,GEARTHASHKMEC,GADONA,GLOVARI,OF THE SPIRAL CAVERN CLAN,HAELA,FAELAR,FINWE,TUTS,NIPSY,,,,,DEBBIE,FAELAR,FERGUSON,DEBBIE,DARREN,OF TON'MA,,,,DEBBIE,DARREN,FERGUSON,GAELIRA,GRIMSKAB,
ESHSHANN,TROUDORIM,DIALRUC,GAGRILA,GORMUR,OF THE GRAVELGUT CLAN,HALAEMA,FAELYN,FLORALEI,CARNOA,AIKO,,,,,DEBORAH,FAELYN,FERNANDEZ,DEBORAH,DARRYL,OF TORCHBELCHER,,,,DEBORAH,DARRYL,FERNANDEZ,PURTBOG,MOR,
ZENBIS,RAVOFARN,YICHOJEK,GAGRLIA,GRAIM,OF THE GRITGOBBLER CLAN,HALAENA,FAERANDUIL,FLYLEAF,BITSY,CARLIN,,,,,DEBRA,FAERANDUIL,FIELDS,DEBRA,DARYL,OF TWILIGHT'S HAMMER,,,,DEBRA,DARYL,FIELDS,ALAIS,NUBWORT,
WRARINA,CAERLIN,CLOLDRAJUR,GALINA,GRALDOR,OF THE SPIRE FORGE CLAN,HALAMA,FALAEL,FROSTFANG,BITTY,TOBY,,,,,DELORES,FALAEL,FISHER,DELORES,DAVE,OF WARMAUL,,,,DELORES,DAVE,FISHER,REYZBAD,GORBAG,
VYRABITH,DURWARUM,UARDIN,GARGILA,GRALKYL,OF THE TOTALAY HAMMARD CLAN,HALANAESTRA,FËANOR,GAELEN,DARRA,UMBAR,,,,,DENISE,FËANOR,FLORES,DENISE,DAVID,OF BONECHEWER,,,,DENISE,DAVID,FLORES,GILGALAD,SNAGATHUG,
THAGWEN,WULCRATH,CLECANENDEK,GAVIEL,GRALRAM,OF THE MOUNTAIN HOMES,HAMEADA,FENRIS,GALAALTA,ELFI,CORLEN,,,,,DIANA,FENRIS,FORD,DIANA,DEAN,OF LIGHTNING'S BLADE ,,,,DIANA,DEAN,FORD,TORNOG,GUTGRIM,
LORALARYS,FAERQIROTH,PRUNCENSHTOR,GHERVIS,GRAMDAHR,OF CLAN KRAKHAMMER,HOLCENE,FILVENDOR,GOLDENLEAF,QUILLZ,CALVYN,,,,,DIANE,FILVENDOR,FOSTER,DIANE,DENNIS,OF SHADOWMOON,,,,DIANE,DENNIS,FOSTER,AREDHEL,BRUBGROD,
SOGWEN,NAKAX,SHUANXUR,GIMNA,GRANDRUM,OF CLAN STONESHAFT,HOLONE,FINGOLFIN,GOURAEL,GIGGET,LOCRYN,,,,,DIANNE,FINGOLFIN,FOWLER,DIANNE,DEREK,OF SHATTERED HAND,,,,DIANNE,DEREK,FOWLER,PURTGUZ,DURROT,
BELNORAE,TROUQIROTH,TARRHUNTHERGESH,GIMONA,GRANIGGS,OF CLAN GOLDTRICKLE,HYCIS,FINROD,GREENCLOAK,TRIZA,MERKUR,,,,,DOLORES,FINROD,FOX,DOLORES,DERRICK,OF STORMREAVER ,,,,DOLORES,DERRICK,FOX,SIIRIST,DURZOD,
CABIRITH,QELQULL,KLASTEASH,GINDANA,GRENBEK,OF THE FORGEWORN,IAHALAE,FOLDUIN,GWAELON,KIARA,NESLIN,,,,,DONNA,FOLDUIN,FRANKLIN,DONNA,DON,OF THUNDERLORD,,,,DONNA,DON,FRANKLIN,RAEBOG,ZODSLAG,
XISZYS,KILZIROS,FILDOKER,GINDIRA,GRILMEK,OF THE MOUNTAINHEWERS,IALANTHA,GAEL,HADIRSYR,NINA,BILNER,,,,,DORA,GAEL,FREEMAN,DORA,DONALD,OF WARSONG,,,,DORA,DONALD,FREEMAN,TEHLMAR,ZODROT,
XYRIEL,FAERSASHI,ILDAD,GITHLIA,GUSTI,OF THE THUNDER KINGS,IDRIL,GAEMON,HADOR,UPSI,KELLIN,,,,,DORIS,GAEMON,FULLER,DORIS,DOUGLAS,,,,,DORIS,DOUGLAS,FULLER,ZALTGA,OGOG,
YRLIANN,MARSASHI,IRNEALAS,GLODONA,GYLVIA,OF THE STORMHAMMERS,IKESHIA,GIL-GALAD,HAELL,ORLA,RASSTON,,,,,DOROTHY,GIL-GALAD,GARCIA,DOROTHY,DUANE,,,,,DOROTHY,DUANE,GARCIA,THRANDUIL,UGGOB,
VYRAFYIRE,SULJHAN,KLAMPAD,GLONINA,HAGBARTHUR,OF THE RIVERWRIGHTS,ILMADIA,GLYNKAS,HAERLGENT,MIKI,ZILXIF,,,,,EDITH,GLYNKAS,GARDNER,EDITH,DUSTIN,,,,,EDITH,DUSTIN,GARDNER,GAELUG,MOROG,
ZOFTHIBRA,ALIDORIM,SHIMPIDUK,GLOVLIA,HALLBERGUR,OF THE FROSTBEARDS,ILYRANA,HAEMIR,HALETH,PENNY,ALFI,,,,,EDNA,HAEMIR,GARRETT,EDNA,DWAYNE,,,,,EDNA,DWAYNE,GARRETT,RAVAPHINE,NUBSLAG,
USHIBITH,LUMISASHI,KLINXANKIAR,GORODRA,HANNSKJALD,OF THE HAMMERDASHERS,ILYTHYRRA,HAGDUIN,HASTERIEN,TINKERELLA,LONAN,,,,,EILEEN,HAGDUIN,GARZA,EILEEN,DWIGHT,,,,,EILEEN,DWIGHT,GARZA,ALAISZAG,URTYARG,
FAELARYS,BRENSASHI,TAARRHILEALLAC,GORTRA,HARFUR,OF THE LORDS OF THE CRYSTAL CAVERNS,IMDALACE,HALADAVAR,HATANAR,ZIPPY,IPAXIM,,,,,ELAINE,HALADAVAR,GEORGE,ELAINE,EARL,,,,,ELAINE,EARL,GEORGE,VAALYUN,SNIKGOG,
ZENPORA,XARXAN,ALTHADIN,HANARAV,HARUM,OF THE GOLDBREWERS,IMIZAEL,HALAFARIN,HELION,ASTRID,QUAPOS,,,,,ELEANOR,HALAFARIN,GIBSON,ELEANOR,EDDIE,,,,,ELEANOR,EDDIE,GIBSON,PORTNOG,WAZURTY,
WRATHIBRA,WULVARAX,ENKENTHUAD,HARINDA,HAUGIN,OF THE STORMPEAK,IRITHIEL,HARYK,HESSARION,GIGI,TRACRYN,,,,,ELIZABETH,HARYK,GILBERT,ELIZABETH,EDGAR,,,,,ELIZABETH,EDGAR,GILBERT,RAEGEL,OG,
OBIS,BALVULL,EROSTUMAK,HARVIA,HEPTIN,OF THE FROSTPEAK,ITHIRAE,HASTOS,IDHTULCDRACH,UMMA,ENIYUR,,,,,ELLA,HASTOS,GOMEZ,ELLA,EDUARDO,,,,,ELLA,EDUARDO,GOMEZ,SIIRWORT,SKUMBOG,
LORARIEL,ALIXAN,SHECCAC,HATA,HJOLMAN,OF THE THUNDERSHOD,IZIUEL,HATHARAL,IEVOS,CANDY,DAVZIVER,,,,,ELLEN,HATHARAL,GONZALES,ELLEN,EDWARD,,,,,ELLEN,EDWARD,GONZALES,ZALTARISH,BRUBLUG,
ORINORAE,BELKAX,OLDAK,HATYTH,HJOLMOR,OF THE HAMMERKEEPERS,JAHANDRA,HERBALAR,ILIATHORR,ESTELE,CALMORN,,,,,ELSIE,HERBALAR,GONZALEZ,ELSIE,EDWIN,,,,,ELSIE,EDWIN,GONZALEZ,SILVNOG,SNIKGUT,
KELDRISH,GORAHADUR,KAMBUN,HEDEN,HLEVARI,OF THE WINTERHILLS,KAEDA,HORITH,ILNATAR,MOSSI,ORROS,,,,,EMILY,HORITH,GORDON,EMILY,ELMER,,,,,EMILY,ELMER,GORDON,RAUNAERIL,ROTUZ,
NESBIS,ZRAZIROS,TACAAD,HENNA,HLOIN,OF THE QUICK-SMELTER CLAN,KAYLESSA,HUBYR,IMMERIL,STORMY,ERMIN,,,,,EMMA,HUBYR,GRAHAM,EMMA,ENRIQUE,,,,,EMMA,ENRIQUE,GRAHAM,TEHLNEZ,MAGFUG,
JOCORIA,SHACIAR,THAAMTEKELUD,JADERYN,HORAR,OF THE GOLDENFIELD CLAN,KEARA,IARMENOR,IMPANTON,KIMI,BRILEN,,,,,ERICA,IARMENOR,GRANT,ERICA,ERIC,,,,,ERICA,ERIC,GRANT,VAEGON,GROTNOB,
BELVYRE,ZORFRAS,DOMPIN,JAPITH,HORKAHM,OF THE RED-POTTERS,KEERLA,IEFYR,IMPHENON,ELLANA,DANCER,,,,,ERIKA,IEFYR,GRAY,ERIKA,ERIK,,,,,ERIKA,ERIK,GRAY,GAELNOG,ZODTHUG,
CRISWOPHYL,NARJHAN,THARRHUSHKMENIR,JENKA,HURRAM,OF THE HIGHFIELDS,KEISHARA,IEVOS,IPYLLASC,NIBBLES,LOCRYN,,,,,ERIN,IEVOS,GREEN,ERIN,ERNEST,,,,,ERIN,ERNEST,GREEN,TOROSS,BRUBGOB,
LILOYASSA,ZRAQIROTH,CLAAMMEDAMUUR,JESI,INGIVALD,OF THE HONEYWHISKEY CLAN,KETHRYLLIA,ILBRYN,IRIAN,BIG-EYES,BILGRIM,,,,,ESTHER,ILBRYN,GREENE,ESTHER,EUGENE,,,,,ESTHER,EUGENE,GREENE,TRANDBAD,DREG,
SULIANN,UROXAN,CRALDESUUDUL,JODIS,ISAKUR,OF THE BLACKBONES,KEYA,ILIVEN,ISILIRAIELLYN,REGINALDINA,SAJI,,,,,ETHEL,ILIVEN,GRIFFIN,ETHEL,EVERETT,,,,,ETHEL,EVERETT,GRIFFIN,THERONA,ZODGROT,
IRIEZYS,DRAZAVUR,DUSTEC,JOHILD,ITHI,OF THE LONGBEARDS,KYRRHA,ILTHURYN,KADHORDUIL,HOPE,MANMIN,,,,,EVA,ILTHURYN,GUERRERO,EVA,FELIX,,,,,EVA,FELIX,GUERRERO,NAMEZ,GRUMGUL,
ORISHANN,XARGRAX,KRICETOL,JOVINA,ITHLEVIUR,OF THE SILVERTOMES,KYTHAELA,INARIE,KITHSIDHION,KORA,ENIYUR,,,,,EVELYN,INARIE,GUTIERREZ,EVELYN,FERNANDO,,,,,EVELYN,FERNANDO,GUTIERREZ,PURTHAM,MEKDREG,
FAEPATYS,WORZAVUR,LILTUTES,JUSTA,JARVARI,OF THE MOUNTAINFALLS,LAAMTORA,INCHEL,KRAOK,,HORMORN,,,,,FELICIA,INCHEL,GUZMAN,FELICIA,FLOYD,,,,,FELICIA,FLOYD,GUZMAN,PIERNEG,GUTFUG,
,,,KALADY,JASPUR,,LAEANNA,INIALOS,LAEDIREIL,,,,,,,FLORENCE,INIALOS,HALL,FLORENCE,FRANCIS,,,,,FLORENCE,FRANCIS,HALL,SILVYR,MUGTEEF,
,,,KASI,JATMUNDUR,,LAENA,INJROS,LAELITHAR,,,,,,,FRANCES,INJROS,HAMILTON,FRANCES,FRANCISCO,,,,,FRANCES,FRANCISCO,HAMILTON,SANDEZ,URTYFUG,
,,,KATA,JUSTI,,LAERDYA,INTEVAR,LANNARSEER,,,,,,,GAIL,INTEVAR,HANSEN,GAIL,FRANK,,,,,GAIL,FRANK,HANSEN,REYSALOR,NOBGRIM,
,,,KECHA,KARI,,LAZZIAR,IOLAS,LARALYTHA,,,,,,,GEORGIA,IOLAS,HANSON,GEORGIA,FRANKLIN,,,,,GEORGIA,FRANKLIN,HANSON,AQUABAD,NOBORK,
,,,KELARA,KARRAK,,LEANDRA,JASSIN,LARBRINLAL,,,,,,,GERALDINE,JASSIN,HARPER,GERALDINE,FRED,,,,,GERALDINE,FRED,HARPER,GWENOG,ZOGNOB,
,,,KELARDY,KARTNI,,LEILATHA,JHAAN,LARENTHANIL,,,,,,,GERTRUDE,JHAAN,HARRIS,GERTRUDE,FREDDIE,,,,,GERTRUDE,FREDDIE,HARRIS,SUDNIZ,GRIMROT,
,,,KELARTA,KILJALD,,LILUTH,JHAARTAEL,LARETHIAN,,,,,,,GINA,JHAARTAEL,HARRISON,GINA,FREDERICK,,,,,GINA,FREDERICK,HARRISON,CALEZ,GORSLAG,
,,,KELASHAN,KILLIN,,LLAMRYL,JHAEROS,LASHRAEL,,,,,,,GLADYS,JHAEROS,HART,GLADYS,GABRIEL,,,,,GLADYS,GABRIEL,HART,ELBJAR,NOBGOB,
,,,KENNA,KRAMNOM,,LORELEI,KELKALYN,LASSAGASEER,,,,,,,GLENDA,KELKALYN,HARVEY,GLENDA,GARY,,,,,GLENDA,GARY,HARVEY,ELENOSS,DAKAOG,
,,,KEZDA,KROMGRUN,,LÚTHIEN,KEVAN,LASSLAIL,,,,,,,GLORIA,KEVAN,HAWKINS,GLORIA,GENE,,,,,GLORIA,GENE,HAWKINS,GALEGUZ,GORBAD,
,,,KORBETH,KRUMGROM,,LYRAESEL,KLAERN,LEAADION,,,,,,,GRACE,KLAERN,HAYES,GRACE,GEORGE,,,,,GRACE,GEORGE,HAYES,NUOBAD,SKABUZ,
,,,LEERA,KRUMKOHM,,MAALESHIIRA,KOLVAR,LIONDALE,,,,,,,GWENDOLYN,KOLVAR,HENDERSON,GWENDOLYN,GERALD,,,,,GWENDOLYN,GERALD,HENDERSON,NAMGUL,RATORK,
,,,LEGNA,LEIKI,,MAEGELLE,KUORNOS,LITHELON,,,,,,,HAZEL,KUORNOS,HENRY,HAZEL,GILBERT,,,,,HAZEL,GILBERT,HENRY,HALANAGA,GRUMSHAK,
,,,LENORA,LEIVUR,,MAELYRRA,KUSKYN,LITHRON,,,,,,,HEATHER,KUSKYN,HERNANDEZ,HEATHER,GLEN,,,,,HEATHER,GLEN,HERNANDEZ,THERNAGA,BRUBZOD,
,,,LIJA,LITHRI,,MAERALYA,KYMIL,MAEDHROS,,,,,,,HEIDI,KYMIL,HERRERA,HEIDI,GLENN,,,,,HEIDI,GLENN,HERRERA,TORBAD,OGGOR,
,,,LILJA,LOFAR,,MARIAH,KYRENIC,MAEGLIN,,,,,,,HELEN,KYRENIC,HICKS,HELEN,GORDON,,,,,HELEN,GORDON,HICKS,ELENWE,SKABGOB,
,,,LINKA,LONIN,,MEARA,KYRTAAR,MAEIR,,,,,,,HILDA,KYRTAAR,HILL,HILDA,GREG,,,,,HILDA,GREG,HILL,NUOVIS,GRUMARG,
,,,LIPITH,LONLIN,,MEREENA,LEGOLAS,MAERTEL,,,,,,,HOLLY,LEGOLAS,HOFFMAN,HOLLY,GREGORY,,,,,HOLLY,GREGORY,HOFFMAN,CALAREL,UG,
,,,LIRINDA,LONVARI,,MERLARA,LRUNE,MAGOR,,,,,,,IDA,LRUNE,HOLMES,IDA,GUY,,,,,IDA,GUY,HOLMES,KEERSKAG,SNIKUZ,
,,,LIRRA,LYTHUR,,MIRIEL,MAIELE,MALTATHDAR,,,,,,,IRENE,MAIELE,HOWARD,IRENE,HAROLD,,,,,IRENE,HAROLD,HOWARD,GWEYR,DURSLAG,
,,,LIS,MALMUN,,MORWEN,MITHRANDIR,MOONDOWN,,,,,,,IRMA,MITHRANDIR,HOWELL,IRMA,HARRY,,,,,IRMA,HARRY,HOWELL,URMBAD,RATGOR,
,,,LOA,MAUR,,MYLAELA,MOLONYM,MOONFLOWER,,,,,,,JACKIE,MOLONYM,HUDSON,JACKIE,HARVEY,,,,,JACKIE,HARVEY,HUDSON,BLYTHSWANA,WAATEEF,
,,,LOVISA,MELNUR,,MYRYNDA,MOLOSTROI,MOONFORD,,,,,,,JACQUELINE,MOLOSTROI,HUGHES,JACQUELINE,HECTOR,,,,,JACQUELINE,HECTOR,HUGHES,VIOLENOG,NAZSNIK,
,,,LUA,MJOTHI,,NUOVIS,MONTAGOR,MOONGLADE,,,,,,,JAMIE,MONTAGOR,HUNT,JAMIE,HENRY,,,,,JAMIE,HENRY,HUNT,MORWEN,WAZNOB,
,,,MARA,MODSOGNIR,,NUSHALA,MORGAN,MOONSHRINE,,,,,,,JANE,MORGAN,HUNTER,JANE,HERBERT,,,,,JANE,HERBERT,HUNTER,THERENG,GRUMBAG,
,,,MARVIA,MORGUS,,NYLAATHRIA,MORTHIL,MOORFLY,,,,,,,JANET,MORTHIL,JACKSON,JANET,HERMAN,,,,,JANET,HERMAN,JACKSON,SHEEDRA,ZOGGOR,
,,,MAVIA,MORRAM,,OCHYLLYSS,MYRDDIN,NENAIAS,,,,,,,JANICE,MYRDDIN,JACOBS,JANICE,HOWARD,,,,,JANICE,HOWARD,JACOBS,HALANAG,MUGSKAB,
,,,MEERA,MOTAR,,OLUEVAERA,MYRIIL,NHACHASHAAL,,,,,,,JEAN,MYRIIL,JAMES,JEAN,HUGH,,,,,JEAN,HUGH,JAMES,LLAMRYL,MEKGOB,
,,,MEMANA,MUIRADIN,,PHAERL,MYRIN,NHAÉSLAL,,,,,,,JEANETTE,MYRIN,JENKINS,JEANETTE,IAN,,,,,JEANETTE,IAN,JENKINS,BLYTHNOG,WORTTHUG,
,,,MICHA,NAGLUR,,PHANTYNI,MYTHANTHAR,NHARIMLUR,,,,,,,JEANNE,MYTHANTHAR,JENSEN,JEANNE,ISAAC,,,,,JEANNE,ISAAC,JENSEN,DOREAH,NOBBOG,
,,,MILI,NALSKJALD,,PHELORNA,NAERTHO,NIGHTSTAR,,,,,,,JENNIE,NAERTHO,JIMENEZ,JENNIE,IVAN,,,,,JENNIE,IVAN,JIMENEZ,SHEEBAD,SNOTFANG,
,,,MIREV,NARVARI,,PHUINGARA,NAERYNDAM,NIGHTSWATCH,,,,,,,JENNIFER,NAERYNDAM,JOHNSON,JENNIFER,JACK,,,,,JENNIFER,JACK,JOHNSON,RUBRAE,MAGOG,
,,,MIREVEH,NIPTHRASIR,,PHYRRA,NAPRAELEON,NIGHTWING,,,,,,,JENNY,NAPRAELEON,JOHNSTON,JENNY,JACOB,,,,,JENNY,JACOB,JOHNSTON,TAKANAGA,WAZGRUB,
,,,MISI,NJALUR,,QUAELA,NARBETH,NOLDORIN,,,,,,,JESSICA,NARBETH,JONES,JESSICA,JAIME,,,,,JESSICA,JAIME,JONES,PHAERL,URTYGUL,
,,,MOIRA,NOI,,QUAMARA,NARDUAL,NORODIIR,,,,,,,JESSIE,NARDUAL,JORDAN,JESSIE,JAMES,,,,,JESSIE,JAMES,JORDAN,SAEYA,NOBROT,
,,,MYAGRUN,NORTHRASIT,,RAEJIISA,NELAERYN,NORTHSTAR,,,,,,,JILL,NELAERYN,KELLEY,JILL,JAMIE,,,,,JILL,JAMIE,KELLEY,HALANAESTRA,GOBBAG,
,,,MYALINDEN,NYRATH,,RAERAUNTHA,NELDOR,OAKTREE,,,,,,,JO,NELDOR,KELLY,JO,JARED,,,,,JO,JARED,KELLY,VIOLEN,SHAKWORT,
,,,MYANDA,NYVARI,,RATHIAIN,NERILAMIN,ONGLUTH,,,,,,,JOAN,NERILAMIN,KENNEDY,JOAN,JASON,,,,,JOAN,JASON,KENNEDY,KEERLA,SKARSKAB,
,,,MYANRA,ODDFINNUR,,REINYS,NESTERIN,ORAMA,,,,,,,JOANN,NESTERIN,KIM,JOANN,JAVIER,,,,,JOANN,JAVIER,KIM,CELEBRÍAN,UZSTUF,
,,,MYARA,OFFLEIVUR,,RENESTRAE,NEVARTH,ORBRYN,,,,,,,JOANNE,NEVARTH,KING,JOANNE,JAY,,,,,JOANNE,JAY,KING,URMICCA,BRUBOG,
,,,NARTA,OILULVUR,,RUBRAE,NHAMASHAL,QUENDI,,,,,,,JOSEPHINE,NHAMASHAL,KNIGHT,JOSEPHINE,JEFF,,,,,JOSEPHINE,JEFF,KNIGHT,GAARBAD,SKARBOG,
,,,NARVIA,ONIN,,RYLLAE,NIEVEN,REDWING,,,,,,,JOY,NIEVEN,LANE,JOY,JEFFERY,,,,,JOY,JEFFERY,LANE,MERNEZ,DREGARG,
,,,NARYN,ONUNDUR,,SAELIHN,NINDR,RHOTHOMIR,,,,,,,JOYCE,NINDR,LARSON,JOYCE,JEFFREY,,,,,JOYCE,JEFFREY,LARSON,ARWBAG,DURRUNT,
,,,NARYNN,PAITUR,,SAÉLIHN,NYM,RHUIDHEN,,,,,,,JUANITA,NYM,LAWRENCE,JUANITA,JEREMY,,,,,JUANITA,JEREMY,LAWRENCE,RATHNOG,MUGORK,
,,,NERAERYN,PATRIN,,SAEYA,ONAS,RHYLLGALLOHYR,,,,,,,JUDITH,ONAS,LAWSON,JUDITH,JEROME,,,,,JUDITH,JEROME,LAWSON,DAENEZ,GROTOG,
,,,NERALINDEN,PETRUR,,SASHA,ORIBEL,RIVLEAM,,,,,,,JUDY,ORIBEL,LE,JUDY,JERRY,,,,,JUDY,JERRY,LE,HAMEADNAGA,MEKSTUF,
,,,OBARA,RAGNUR,,SHALANA,ORITRIS,RIVVIKYN,,,,,,,JULIA,ORITRIS,LEE,JULIA,JESSE,,,,,JULIA,JESSE,LEE,GLORFINBAD,HORBOG,
,,,OMAIRA,RAGVALDUR,,SHALANTHA,ORNDACIL,RUNEMASTER,,,,,,,JULIE,ORNDACIL,LEWIS,JULIE,JESSIE,,,,,JULIE,JESSIE,LEWIS,SHANDALOG,NEVARTH,
,,,QUOIRA,REGVARI,,SHALHEIRA,ORNTHALAS,SARSANTYR,,,,,,,JUNE,ORNTHALAS,LI,JUNE,JESUS,,,,,JUNE,JESUS,LI,HAALIJA,NELDSKAR,
,,,RAGNA,REINARDUN,,SHANDALAR,ORRIS,SELAKIIR,,,,,,,KAREN,ORRIS,LITTLE,KAREN,JIM,,,,,KAREN,JIM,LITTLE,ZEALNAGA,ELBAUTHIN,
,,,RAGNIAL,RIKKIN,,SHANYRRIA,ORYM,SELMER,,,,,,,KATHERINE,ORYM,LONG,KATHERINE,JIMMIE,,,,,KATHERINE,JIMMIE,LONG,IDRIL,CONRUNT,
,,,RAGRIEL,ROBEKUR,,SHARAERA,OSLARELAR,SHINESTAR,,,,,,,KATHLEEN,OSLARELAR,LOPEZ,KATHLEEN,JIMMY,,,,,KATHLEEN,JIMMY,LOPEZ,SHANDALNAGA,DAKATH,
,,,RALVINA,ROI,,SHEEDRA,OTAEHRYN,SHIREDOVE,,,,,,,KATHRYN,OTAEHRYN,LUCAS,KATHRYN,JOE,,,,,KATHRYN,JOE,LUCAS,RATHIAIN,HORGARG,
,,,RASICHA,RORIN,,SHIERA,OTHORION,SILKSTREAM,,,,,,,KATHY,OTHORION,LUNA,KATHY,JOEL,,,,,KATHY,JOEL,LUNA,HAALNAG,CONNAK,
,,,RATHILA,ROTHBAR,,SHYAEL,PAERAL,SILTRAL,,,,,,,KATIE,PAERAL,LYNCH,KATIE,JOHN,,,,,KATIE,JOHN,LYNCH,TAKARI,GAELRUNT,
,,,RECHA,SERVIN,,SHYLLISYRR,PAERIS,SILVERBOW,,,,,,,KATRINA,PAERIS,MALDONADO,KATRINA,JOHNNIE,,,,,KATRINA,JOHNNIE,MALDONADO,DAENAG,MONTAGOR,
,,,REGNA,SIGMUNDUR,,SINNAFAIN,PHAENDAR,SILVERHAND,,,,,,,KAY,PHAENDAR,MARQUEZ,KAY,JOHNNY,,,,,KAY,JOHNNY,MARQUEZ,MEREENA,AKRUNT,
,,,RERVIA,SIGVALDUR,,SOLIANIA,PHAROM,SILVEROAK,,,,,,,KELLY,PHAROM,MARSHALL,KELLY,JON,,,,,KELLY,JON,MARSHALL,RATHNEZ,ELASHOR,
,,,RIRIDEN,SJURTHI,,SOORA,PHRAAN,SILVERSPEAR,,,,,,,KIM,PHRAAN,MARTIN,KIM,JONATHAN,,,,,KIM,JONATHAN,MARTIN,ZEALE,USUNSKAR,
,,,RISHAN,SKAFITH,,SORSASTA,PIRPHAL,SIMSERION,,,,,,,KIMBERLY,PIRPHAL,MARTINEZ,KIMBERLY,JORDAN,,,,,KIMBERLY,JORDAN,MARTINEZ,HAMDAR,AKKAR,
,,,RUNIRA,SKIRFAR,,SUSKLAHAVA,PLEUFAN,SNOWFELL,,,,,,,KRISTEN,PLEUFAN,MASON,KRISTEN,JORGE,,,,,KRISTEN,JORGE,MASON,AXILIA,HORTOG,
,,,RURGORA,SKOFTI,,SYLMAE,PURTHAM,SNOWREIGN,,,,,,,KRISTIN,PURTHAM,MATTHEWS,KRISTIN,JOSE,,,,,KRISTIN,JOSE,MATTHEWS,GAARNOG,FINROD,
,,,RUVONA,SORKVI,,SYMRUSTAR,PYRDER,STILLHAWK,,,,,,,KRISTINA,PYRDER,MCCOY,KRISTINA,JOSEPH,,,,,KRISTINA,JOSEPH,MCCOY,SHANDALAR,ERLGARG,
,,,RUVORA,STEINFINNUR,,SYNDRA,QUAETH,STILMYST,,,,,,,LAURA,QUAETH,MCDONALD,LAURA,JOSHUA,,,,,LAURA,JOSHUA,MCDONALD,BAELNOG,TURGON,
,,,SAERAN,STEINUR,,SYNNORHA,RAEGEL,STORMSPEAR,,,,,,,LAUREN,RAEGEL,MEDINA,LAUREN,JUAN,,,,,LAUREN,JUAN,MEDINA,KEERNAGA,NELGORK,
,,,SAMARA,STIGUR,,SYRENESE,RAUNAERIL,STRAETH,,,,,,,LAURIE,RAUNAERIL,MEJIA,LAURIE,JULIAN,,,,,LAURIE,JULIAN,MEJIA,GLORFINDEL,UTHORIM,
,,,SANNA,SUDRI,,SYRUNE,RAVAPHINE,STRONGBOW,,,,,,,LEAH,RAVAPHINE,MENDEZ,LEAH,JULIO,,,,,LEAH,JULIO,MENDEZ,NA,HERBOG,
,,,SARELLA,SUTHRADIR,,SYVIIS,REYSALOR,SULDUSK,,,,,,,LENA,REYSALOR,MENDOZA,LENA,JUSTIN,,,,,LENA,JUSTIN,MENDOZA,GLORNAG,BELEG,
,,,SELAH,SVEINUR,,TAENA,RHISTEL,SUNFOAL,,,,,,,LEONA,RHISTEL,MEYER,LEONA,KARL,,,,,LEONA,KARL,MEYER,LOGSHAN,NESTBOG,
,,,SEPITH,SVJAR,,TAENYA,SAELETHIL,SUNSHIELD,,,,,,,LESLIE,SAELETHIL,MILLER,LESLIE,KEITH,,,,,LESLIE,KEITH,MILLER,RILID,ELARAN,
,,,SERDY,TAURUN,,TAERIEL,SAEVEL,SUNSTAR,,,,,,,LILLIAN,SAEVEL,MILLS,LILLIAN,KELLY,,,,,LILLIAN,KELLY,MILLS,THANRA,ERLARUNT,
,,,SEXY,TEITUR,,TAKARI,SEIVERIL,SYLLETH,,,,,,,LILLIE,SEIVERIL,MITCHELL,LILLIE,KEN,,,,,LILLIE,KEN,MITCHELL,KARITA,HERBALAR,
,,,SIGGA,THEKKIN,,TALAEDRA,SHARIAN,TASSARION,,,,,,,LINDA,SHARIAN,MONTGOMERY,LINDA,KENNETH,,,,,LINDA,KENNETH,MONTGOMERY,REENOG,USSKAAR,
,,,SIGNA,THELRON,,TALANASHTA,SIIRIST,TATHDEL,,,,,,,LISA,SIIRIST,MOORE,LISA,KENT,,,,,LISA,KENT,MOORE,LIAXNOG,HORITH,
,,,SIGVOR,THELRYL,,TALILA,SILVYR,TAURNTYRITH,,,,,,,LOIS,SILVYR,MORALES,LOIS,KEVIN,,,,,LOIS,KEVIN,MORALES,GAARBAD,ERLATHAN,
,,,SISHAN,THELTHRUN,,TALILIA,SUDRYL,TELERIE,,,,,,,LORETTA,SUDRYL,MORENO,LORETTA,KIRK,,,,,LORETTA,KIRK,MORENO,NOGBAEL,NELDOR,
,,,SLIRYN,THORAR,,TALINDRA,TAENARAN,TELLYNNAN,,,,,,,LORI,TAENARAN,MORGAN,LORI,KURT,,,,,LORI,KURT,MORGAN,NAGDAE,USUNAAR,
,,,SOLA,THRAIN,,TAMARA,TAERNTYM,TESHURR,,,,,,,LORRAINE,TAERNTYM,MORRIS,LORRAINE,KYLE,,,,,LORRAINE,KYLE,MORRIS,BAELEN,GAEL,
,,,TAHAN,THROAR,,TARASYNORA,TAMNAEUTH,THALIEN,,,,,,,LOUISE,TAMNAEUTH,MORRISON,LOUISE,LANCE,,,,,LOUISE,LANCE,MORRISON,STARNOG,VIRJEON,
,,,TALEEMA,THULDOHR,,TEHARISSA,TANNIVH,THOIMION,,,,,,,LUCILLE,TANNIVH,MUNOZ,LUCILLE,LARRY,,,,,LUCILLE,LARRY,MUNOZ,GAARBUCK,CONALL,
,,,TANDA,THULGRUN,,TIATHA,TASSARION,THOTHIION,,,,,,,LUCY,TASSARION,MURPHY,LUCY,LAWRENCE,,,,,LUCY,LAWRENCE,MURPHY,NOGNA,NESTERIN,
,,,TARVIA,THURNAR,,TSARRA,TEHLMAR,THUNDRUIL,,,,,,,LYDIA,TEHLMAR,MURRAY,LYDIA,LEE,,,,,LYDIA,LEE,MURRAY,BADWEN,AGIS,
,,,TERINDEN,THYDOHR,,TYRIA,THERONA,TIPANTDON,,,,,,,LYNN,THERONA,MYERS,LYNN,LEO,,,,,LYNN,LEO,MYERS,ADROG,SUDRYL,
,,,TERTA,THYMAND,,URMICCA,THINGOL,TURNVALE,,,,,,,MABEL,THINGOL,NELSON,MABEL,LEON,,,,,MABEL,LEON,NELSON,HAMADA,CELEBORN,
,,,TEVIA,THYMIN,,VAELLA,THRANDUIL,TYRELL,,,,,,,MAE,THRANDUIL,NGUYEN,MAE,LEONARD,,,,,MAE,LEONARD,NGUYEN,BAELGAAR,ELANJAR,
,,,THORGIEL,THYMUR,,VALINDRA,TOROSS,VANAMAEDUIL,,,,,,,MARCIA,TOROSS,NICHOLS,MARCIA,LEROY,,,,,MARCIA,LEROY,NICHOLS,GAARNA,FILVENDOR,
,,,THOTHILA,TJALVI,,VEARA,TRAVARAN,VANVATHAR,,,,,,,MARGARET,TRAVARAN,NUNEZ,MARGARET,LESLIE,,,,,MARGARET,LESLIE,NUNEZ,STAARNEZ,AESON,
,,,THOVIRA,TOKI,,VESTELE,TRIANDAL,VISPASIAL,,,,,,,MARGIE,TRIANDAL,OBRIEN,MARGIE,LESTER,,,,,MARGIE,LESTER,OBRIEN,DAEBAEL,DALYOR,
,,,TOVA,TORALDUR,,VIANSOLA,TURGON,VORONBUND,,,,,,,MARIA,TURGON,OLIVER,MARIA,LEWIS,,,,,MARIA,LEWIS,OLIVER,NOGNAG,ELBERETH,
,,,URTHA,TORRUS,,VIOLEN,USUNAAR,VYSHAAN,,,,,,,MARIAN,USUNAAR,OLSON,MARIAN,LLOYD,,,,,MARIAN,LLOYD,OLSON,STARFANG,NELDBAD,
,,,VIGDIS,TYRUR,,VISERRA,UTHORIM,WAELVOR,,,,,,,MARIE,UTHORIM,ORTEGA,MARIE,LONNIE,,,,,MARIE,LONNIE,ORTEGA,DARTHSTANG,DALKAAR,
,,,VISI,VAGNUR,,YAEREENE,VAALYUN,WERLOTHTHAR,,,,,,,MARILYN,VAALYUN,ORTIZ,MARILYN,LOUIS,,,,,MARILYN,LOUIS,ORTIZ,ARWEN,HORNOG,
,,,YNGVA,VALBERGUR,,YALANILUE,VAEGON,WHITETHISTLE,,,,,,,MARION,VAEGON,OWENS,MARION,LUIS,,,,,MARION,LUIS,OWENS,ADSTANG,SNAABOG,
,,,YRSA,VALDI,,YATHLANAE,VAERIL,WINDSLORE,,,,,,,MARJORIE,VAERIL,PADILLA,MARJORIE,MANUEL,,,,,MARJORIE,MANUEL,PADILLA,CAULADRA,RABIZ,
,,,ZALA,VIGGAR,,YNSHAEL,VENRIE,WINDSTAR,,,,,,,MARLENE,VENRIE,PALMER,MARLENE,MARC,,,,,MARLENE,MARC,PALMER,GAARFANG,SUDBAD,
,,,ZATHA,VIGGSKJALD,,YRLISSA,VIRJEON,WINDWALKER,,,,,,,MARSHA,VIRJEON,PARK,MARSHA,MARCUS,,,,,MARSHA,MARCUS,PARK,HAMSTANG,CELENOG,
,,,ZAZFA,VINDALF,,YRNEHA,YHENDORN,WINGGLIDE,,,,,,,MARTHA,YHENDORN,PARKER,MARTHA,MARIO,,,,,MARTHA,MARIO,PARKER,HAMEADA,ELANBAD,
,,,ZERIN,VIRFI,,YRNIELA,YLYNDAR,WINTERMOON,,,,,,,MARY,YLYNDAR,PATEL,MARY,MARION,,,,,MARY,MARION,PATEL,DAENA,FILVNOG,
,,,ZERUN,VOGGUR,,ZEALE,ZABBAS,WOLFSPEAK,,,,,,,MATTIE,ZABBAS,PATTERSON,MATTIE,MARK,,,,,MATTIE,MARK,PATTERSON,NOGFANG,AESBAD ,
,,,ZESI,YNGVI,,ZHUIRENTEL,ZALTARISH,YRAUOS,,,,,,,MAUREEN,ZALTARISH,PAYNE,MAUREEN,MARSHALL,,,,,MAUREEN,MARSHALL,PAYNE,GAERRADH,,
,,,,,,,,,,,,,,,MAXINE,AARON,PENA,MAXINE,MARTIN,,,,,MAXINE,MARTIN,PENA,,,
,,,,,,,,,,,,,,,MEGAN,ADAM,PEREZ,MEGAN,MARVIN,,,,,MEGAN,MARVIN,PEREZ,,,
,,,,,,,,,,,,,,,MELANIE,ADRIAN,PERKINS,MELANIE,MATHEW,,,,,MELANIE,MATHEW,PERKINS,,,
,,,,,,,,,,,,,,,MELINDA,ALAN,PERRY,MELINDA,MATTHEW,,,,,MELINDA,MATTHEW,PERRY,,,
,,,,,,,,,,,,,,,MELISSA,ALBERT,PETERS,MELISSA,MAURICE,,,,,MELISSA,MAURICE,PETERS,,,
,,,,,,,,,,,,,,,MICHELE,ALBERTO,PETERSON,MICHELE,MAX,,,,,MICHELE,MAX,PETERSON,,,
,,,,,,,,,,,,,,,MICHELLE,ALEX,PHILLIPS,MICHELLE,MELVIN,,,,,MICHELLE,MELVIN,PHILLIPS,,,
,,,,,,,,,,,,,,,MILDRED,ALEXANDER,PIERCE,MILDRED,MICHAEL,,,,,MILDRED,MICHAEL,PIERCE,,,
,,,,,,,,,,,,,,,MINNIE,ALFRED,PORTER,MINNIE,MICHEAL,,,,,MINNIE,MICHEAL,PORTER,,,
,,,,,,,,,,,,,,,MIRIAM,ALFREDO,POWELL,MIRIAM,MIGUEL,,,,,MIRIAM,MIGUEL,POWELL,,,
,,,,,,,,,,,,,,,MISTY,ALLAN,PRICE,MISTY,MIKE,,,,,MISTY,MIKE,PRICE,,,
,,,,,,,,,,,,,,,MONICA,ALLEN,RAMIREZ,MONICA,MILTON,,,,,MONICA,MILTON,RAMIREZ,,,
,,,,,,,,,,,,,,,MYRTLE,ALVIN,RAMOS,MYRTLE,MITCHELL,,,,,MYRTLE,MITCHELL,RAMOS,,,
,,,,,,,,,,,,,,,NANCY,ANDRE,RAY,NANCY,MORRIS,,,,,NANCY,MORRIS,RAY,,,
,,,,,,,,,,,,,,,NAOMI,ANDREW,REED,NAOMI,NATHAN,,,,,NAOMI,NATHAN,REED,,,
,,,,,,,,,,,,,,,NATALIE,ANDY,REID,NATALIE,NATHANIEL,,,,,NATALIE,NATHANIEL,REID,,,
,,,,,,,,,,,,,,,NELLIE,ANGEL,REYES,NELLIE,NEIL,,,,,NELLIE,NEIL,REYES,,,
,,,,,,,,,,,,,,,NICOLE,ANTHONY,REYNOLDS,NICOLE,NELSON,,,,,NICOLE,NELSON,REYNOLDS,,,
,,,,,,,,,,,,,,,NINA,ANTONIO,RICE,NINA,NICHOLAS,,,,,NINA,NICHOLAS,RICE,,,
,,,,,,,,,,,,,,,NORA,ARMANDO,RICHARDS,NORA,NORMAN,,,,,NORA,NORMAN,RICHARDS,,,
,,,,,,,,,,,,,,,NORMA,ARNOLD,RICHARDSON,NORMA,OSCAR,,,,,NORMA,OSCAR,RICHARDSON,,,
,,,,,,,,,,,,,,,OLGA,ARTHUR,RILEY,OLGA,PATRICK,,,,,OLGA,PATRICK,RILEY,,,
,,,,,,,,,,,,,,,PAMELA,BARRY,RIOS,PAMELA,PAUL,,,,,PAMELA,PAUL,RIOS,,,
,,,,,,,,,,,,,,,PATRICIA,BEN,RIVERA,PATRICIA,PEDRO,,,,,PATRICIA,PEDRO,RIVERA,,,
,,,,,,,,,,,,,,,PATSY,BENJAMIN,ROBERTS,PATSY,PERRY,,,,,PATSY,PERRY,ROBERTS,,,
,,,,,,,,,,,,,,,PAULA,BERNARD,ROBERTSON,PAULA,PETER,,,,,PAULA,PETER,ROBERTSON,,,
,,,,,,,,,,,,,,,PAULINE,BILL,ROBINSON,PAULINE,PHILIP,,,,,PAULINE,PHILIP,ROBINSON,,,
,,,,,,,,,,,,,,,PEARL,BILLY,RODRIGUEZ,PEARL,PHILLIP,,,,,PEARL,PHILLIP,RODRIGUEZ,,,
,,,,,,,,,,,,,,,PEGGY,BOB,ROGERS,PEGGY,RAFAEL,,,,,PEGGY,RAFAEL,ROGERS,,,
,,,,,,,,,,,,,,,PENNY,BOBBY,ROJAS,PENNY,RALPH,,,,,PENNY,RALPH,ROJAS,,,
,,,,,,,,,,,,,,,PHYLLIS,BRAD,ROMERO,PHYLLIS,RAMON,,,,,PHYLLIS,RAMON,ROMERO,,,
,,,,,,,,,,,,,,,PRISCILLA,BRADLEY,ROSE,PRISCILLA,RANDALL,,,,,PRISCILLA,RANDALL,ROSE,,,
,,,,,,,,,,,,,,,RACHEL,BRANDON,ROSS,RACHEL,RANDY,,,,,RACHEL,RANDY,ROSS,,,
,,,,,,,,,,,,,,,RAMONA,BRENT,RUIZ,RAMONA,RAUL,,,,,RAMONA,RAUL,RUIZ,,,
,,,,,,,,,,,,,,,REBECCA,BRETT,RUSSELL,REBECCA,RAY,,,,,REBECCA,RAY,RUSSELL,,,
,,,,,,,,,,,,,,,REGINA,BRIAN,RYAN,REGINA,RAYMOND,,,,,REGINA,RAYMOND,RYAN,,,
,,,,,,,,,,,,,,,RENEE,BRUCE,SALAZAR,RENEE,REGINALD,,,,,RENEE,REGINALD,SALAZAR,,,
,,,,,,,,,,,,,,,RHONDA,BRYAN,SANCHEZ,RHONDA,RENE,,,,,RHONDA,RENE,SANCHEZ,,,
,,,,,,,,,,,,,,,RITA,BYRON,SANDERS,RITA,RICARDO,,,,,RITA,RICARDO,SANDERS,,,
,,,,,,,,,,,,,,,ROBERTA,CALVIN,SANDOVAL,ROBERTA,RICHARD,,,,,ROBERTA,RICHARD,SANDOVAL,,,
,,,,,,,,,,,,,,,ROBIN,CARL,SANTIAGO,ROBIN,RICK,,,,,ROBIN,RICK,SANTIAGO,,,
,,,,,,,,,,,,,,,ROSA,CARLOS,SANTOS,ROSA,RICKY,,,,,ROSA,RICKY,SANTOS,,,
,,,,,,,,,,,,,,,ROSE,CASEY,SCHMIDT,ROSE,ROBERT,,,,,ROSE,ROBERT,SCHMIDT,,,
,,,,,,,,,,,,,,,ROSEMARY,CECIL,SCHULTZ,ROSEMARY,ROBERTO,,,,,ROSEMARY,ROBERTO,SCHULTZ,,,
,,,,,,,,,,,,,,,RUBY,CHAD,SCOTT,RUBY,RODNEY,,,,,RUBY,RODNEY,SCOTT,,,
,,,,,,,,,,,,,,,RUTH,CHARLES,SHAW,RUTH,ROGER,,,,,RUTH,ROGER,SHAW,,,
,,,,,,,,,,,,,,,SALLY,CHARLIE,SILVA,SALLY,ROLAND,,,,,SALLY,ROLAND,SILVA,,,
,,,,,,,,,,,,,,,SAMANTHA,CHESTER,SIMMONS,SAMANTHA,RON,,,,,SAMANTHA,RON,SIMMONS,,,
,,,,,,,,,,,,,,,SANDRA,CHRIS,SIMPSON,SANDRA,RONALD,,,,,SANDRA,RONALD,SIMPSON,,,
,,,,,,,,,,,,,,,SARA,CHRISTIAN,SIMS,SARA,RONNIE,,,,,SARA,RONNIE,SIMS,,,
,,,,,,,,,,,,,,,SARAH,CHRISTOPHER,SINGH,SARAH,ROSS,,,,,SARAH,ROSS,SINGH,,,
,,,,,,,,,,,,,,,SHANNON,CLARENCE,SMITH,SHANNON,ROY,,,,,SHANNON,ROY,SMITH,,,
,,,,,,,,,,,,,,,SHARON,CLAUDE,SNYDER,SHARON,RUBEN,,,,,SHARON,RUBEN,SNYDER,,,
,,,,,,,,,,,,,,,SHEILA,CLAYTON,SOTO,SHEILA,RUSSELL,,,,,SHEILA,RUSSELL,SOTO,,,
,,,,,,,,,,,,,,,SHELLY,CLIFFORD,SPENCER,SHELLY,RYAN,,,,,SHELLY,RYAN,SPENCER,,,
,,,,,,,,,,,,,,,SHERRI,CLIFTON,STEPHENS,SHERRI,SALVADOR,,,,,SHERRI,SALVADOR,STEPHENS,,,
,,,,,,,,,,,,,,,SHERRY,CLINTON,STEVENS,SHERRY,SAM,,,,,SHERRY,SAM,STEVENS,,,
,,,,,,,,,,,,,,,SHIRLEY,CLYDE,STEWART,SHIRLEY,SAMUEL,,,,,SHIRLEY,SAMUEL,STEWART,,,
,,,,,,,,,,,,,,,SONIA,CODY,STONE,SONIA,SCOTT,,,,,SONIA,SCOTT,STONE,,,
,,,,,,,,,,,,,,,STACEY,COREY,SULLIVAN,STACEY,SEAN,,,,,STACEY,SEAN,SULLIVAN,,,
,,,,,,,,,,,,,,,STACY,CORY,TAYLOR,STACY,SERGIO,,,,,STACY,SERGIO,TAYLOR,,,
,,,,,,,,,,,,,,,STELLA,CRAIG,THOMAS,STELLA,SETH,,,,,STELLA,SETH,THOMAS,,,
,,,,,,,,,,,,,,,STEPHANIE,CURTIS,THOMPSON,STEPHANIE,SHANE,,,,,STEPHANIE,SHANE,THOMPSON,,,
,,,,,,,,,,,,,,,SUE,DALE,TORRES,SUE,SHAWN,,,,,SUE,SHAWN,TORRES,,,
,,,,,,,,,,,,,,,SUSAN,DAN,TRAN,SUSAN,SIDNEY,,,,,SUSAN,SIDNEY,TRAN,,,
,,,,,,,,,,,,,,,SUZANNE,DANIEL,TUCKER,SUZANNE,STANLEY,,,,,SUZANNE,STANLEY,TUCKER,,,
,,,,,,,,,,,,,,,SYLVIA,DANNY,TURNER,SYLVIA,STEPHEN,,,,,SYLVIA,STEPHEN,TURNER,,,
,,,,,,,,,,,,,,,TAMARA,DARRELL,VALDEZ,TAMARA,STEVE,,,,,TAMARA,STEVE,VALDEZ,,,
,,,,,,,,,,,,,,,TAMMY,DARREN,VARGAS,TAMMY,STEVEN,,,,,TAMMY,STEVEN,VARGAS,,,
,,,,,,,,,,,,,,,TANYA,DARRYL,VASQUEZ,TANYA,TED,,,,,TANYA,TED,VASQUEZ,,,
,,,,,,,,,,,,,,,TARA,DARYL,VAZQUEZ,TARA,TERRANCE,,,,,TARA,TERRANCE,VAZQUEZ,,,
,,,,,,,,,,,,,,,TERESA,DAVE,VEGA,TERESA,TERRENCE,,,,,TERESA,TERRENCE,VEGA,,,
,,,,,,,,,,,,,,,TERRI,DAVID,WAGNER,TERRI,TERRY,,,,,TERRI,TERRY,WAGNER,,,
,,,,,,,,,,,,,,,TERRY,DEAN,WALKER,TERRY,THEODORE,,,,,TERRY,THEODORE,WALKER,,,
,,,,,,,,,,,,,,,THELMA,DENNIS,WALLACE,THELMA,THOMAS,,,,,THELMA,THOMAS,WALLACE,,,
,,,,,,,,,,,,,,,THERESA,DEREK,WALSH,THERESA,TIM,,,,,THERESA,TIM,WALSH,,,
,,,,,,,,,,,,,,,TIFFANY,DERRICK,WANG,TIFFANY,TIMOTHY,,,,,TIFFANY,TIMOTHY,WANG,,,
,,,,,,,,,,,,,,,TINA,DON,WARD,TINA,TODD,,,,,TINA,TODD,WARD,,,
,,,,,,,,,,,,,,,TONI,DONALD,WARREN,TONI,TOM,,,,,TONI,TOM,WARREN,,,
,,,,,,,,,,,,,,,TONYA,DOUGLAS,WASHINGTON,TONYA,TOMMY,,,,,TONYA,TOMMY,WASHINGTON,,,
,,,,,,,,,,,,,,,TRACEY,DUANE,WATKINS,TRACEY,TONY,,,,,TRACEY,TONY,WATKINS,,,
,,,,,,,,,,,,,,,TRACY,DUSTIN,WATSON,TRACY,TRACY,,,,,TRACY,TRACY,WATSON,,,
,,,,,,,,,,,,,,,VALERIE,DWAYNE,WEAVER,VALERIE,TRAVIS,,,,,VALERIE,TRAVIS,WEAVER,,,
,,,,,,,,,,,,,,,VANESSA,DWIGHT,WEBB,VANESSA,TROY,,,,,VANESSA,TROY,WEBB,,,
,,,,,,,,,,,,,,,VELMA,EARL,WEBER,VELMA,TYLER,,,,,VELMA,TYLER,WEBER,,,
,,,,,,,,,,,,,,,VERA,EDDIE,WELCH,VERA,TYRONE,,,,,VERA,TYRONE,WELCH,,,
,,,,,,,,,,,,,,,VERONICA,EDGAR,WELLS,VERONICA,VERNON,,,,,VERONICA,VERNON,WELLS,,,
,,,,,,,,,,,,,,,VICKI,EDUARDO,WEST,VICKI,VICTOR,,,,,VICKI,VICTOR,WEST,,,
,,,,,,,,,,,,,,,VICKIE,EDWARD,WHEELER,VICKIE,VINCENT,,,,,VICKIE,VINCENT,WHEELER,,,
,,,,,,,,,,,,,,,VICTORIA,EDWIN,WHITE,VICTORIA,VIRGIL,,,,,VICTORIA,VIRGIL,WHITE,,,
,,,,,,,,,,,,,,,VIOLA,ELMER,WILLIAMS,VIOLA,WADE,,,,,VIOLA,WADE,WILLIAMS,,,
,,,,,,,,,,,,,,,VIOLET,ENRIQUE,WILLIAMSON,VIOLET,WALLACE,,,,,VIOLET,WALLACE,WILLIAMSON,,,
,,,,,,,,,,,,,,,VIRGINIA,ERIC,WILLIS,VIRGINIA,WALTER,,,,,VIRGINIA,WALTER,WILLIS,,,
,,,,,,,,,,,,,,,VIVIAN,ERIK,WILSON,VIVIAN,WARREN,,,,,VIVIAN,WARREN,WILSON,,,
,,,,,,,,,,,,,,,WANDA,ERNEST,WONG,WANDA,WAYNE,,,,,WANDA,WAYNE,WONG,,,
,,,,,,,,,,,,,,,WENDY,EUGENE,WOOD,WENDY,WESLEY,,,,,WENDY,WESLEY,WOOD,,,
,,,,,,,,,,,,,,,WILLIE,EVERETT,WOODS,WILLIE,WILLARD,,,,,WILLIE,WILLARD,WOODS,,,
,,,,,,,,,,,,,,,WILMA,FELIX,WRIGHT,WILMA,WILLIAM,,,,,WILMA,WILLIAM,WRIGHT,,,
,,,,,,,,,,,,,,,YOLANDA,FERNANDO,YANG,YOLANDA,WILLIE,,,,,YOLANDA,WILLIE,YANG,,,
,,,,,,,,,,,,,,,YVONNE,FLOYD,YOUNG,YVONNE,ZACHARY,,,,,YVONNE,ZACHARY,YOUNG,,,
,,,,,,,,,,,,,,,AELENE,FRANCIS,ADANELL,MURSHA,CHAKUB,,,,,,,,,,
,,,,,,,,,,,,,,,AELINOR,FRANCISCO,AELASAR,NAZ,DUFFTHUG,,,,,,,,,,
,,,,,,,,,,,,,,,AEMMA,FRANK,AELOROTHI,MAUI,GOLLIK,,,,,,,,,,
,,,,,,,,,,,,,,,AKASH,FRANKLIN,AENDRYR,NOBFANG,ZOGSTUF,,,,,,,,,,
,,,,,,,,,,,,,,,ALAESA,FRED,AERASUMÉ,DUZHAR,ROK,,,,,,,,,,
,,,,,,,,,,,,,,,ALAGLOSSA,FREDDIE,AERAVANSEL,NAFFURTY,GRIMFANG,,,,,,,,,,
,,,,,,,,,,,,,,,ALAIS,FREDERICK,ALDAVAL,BUZUM,ROKBLORGGOR,,,,,,,,,,
,,,,,,,,,,,,,,,ALAUTHSHAE,GABRIEL,ALOIENE,ZOGUZ,WORTSNAGA,,,,,,,,,,
,,,,,,,,,,,,,,,ALAVARA,GARY,ALQUALONDE,TA,BAGUL,,,,,,,,,,
,,,,,,,,,,,,,,,ALEA,GENE,AMARATHARR,MEKSLAG,NAZNOB,,,,,,,,,,
,,,,,,,,,,,,,,,ALERATHLA,GEORGE,AMARTHEN,GLUGKA,ORKNACK,,,,,,,,,,
,,,,,,,,,,,,,,,ALLANNIA,GERALD,AMMATH,NAZGUL,MEKUZ,,,,,,,,,,
,,,,,,,,,,,,,,,ALLORALLA,GILBERT,AMRALLATHA,BUGSEL,THRODROK,,,,,,,,,,
,,,,,,,,,,,,,,,ALYS,GLEN,ANUAER,MAG,WAZGUT,,,,,,,,,,
,,,,,,,,,,,,,,,AMARYLL,GLENN,ARDORIUS,NAZSNAGA,HEDDRAK,,,,,,,,,,
,,,,,,,,,,,,,,,AQUILAEN,GORDON,ARTORDHRON,NUBBOG,RATNOB,,,,,,,,,,
,,,,,,,,,,,,,,,AREDHEL,GREG,AUGALVARYL,NUBSHAK,ONGNE,,,,,,,,,,
,,,,,,,,,,,,,,,ARWEN,GREGORY,BEINION,MAGNOB,ROTSTUF,,,,,,,,,,
,,,,,,,,,,,,,,,AXILIA,GUY,BEOR,GOBGUL,THOKGRIM,,,,,,,,,,
,,,,,,,,,,,,,,,AYAEQLARUNE,HAROLD,BRAEGEN,MORSKAB,BADSNIK,,,,,,,,,,
,,,,,,,,,,,,,,,AZARIAH,HARRY,BRIARBOSK,SKARSNAGA,ZUGUG,,,,,,,,,,
,,,,,,,,,,,,,,,BAELEN,HARVEY,BRIGHTCLOAK,GRUMSHAK,MEKSKAB,,,,,,,,,,
,,,,,,,,,,,,,,,BEALA,HECTOR,BRIGHTSONG,MEKBAG,U,,,,,,,,,,
,,,,,,,,,,,,,,,BHURAELEA,HENRY,BRIGHTSPEAR,SKARSNAGA,DURROT,,,,,,,,,,
,,,,,,,,,,,,,,,BLYTHSWANA,HERBERT,BRIGHTSTAR,NARUZ,RONKROS,,,,,,,,,,
,,,,,,,,,,,,,,,BONNALURIE,HERMAN,BRIGHTWING,NAZARG,DAKAGOB,,,,,,,,,,
,,,,,,,,,,,,,,,BRAERINDRA,HOWARD,CASTIEN,UZSHAK,SKARGOB,,,,,,,,,,
,,,,,,,,,,,,,,,CAERTHYNNA,HUGH,CAUNDUR,BRUBWORT,MEKBAG,,,,,,,,,,
,,,,,,,,,,,,,,,CALAREL,IAN,CELELAETH,BRUBSNAGA,UGSKAB,,,,,,,,,,
,,,,,,,,,,,,,,,CAULADRA,ISAAC,CERERINDUR,SKARSTUF,SNIKNOB,,,,,,,,,,
,,,,,,,,,,,,,,,CELEBRÍAN,IVAN,CHAMARANTHE,SHAKFANG,GROTSHAK,,,,,,,,,,
,,,,,,,,,,,,,,,CHANDRELLE,JACK,CLATHARLA,URTY,SNIKGRUB,,,,,,,,,,
,,,,,,,,,,,,,,,CHASIANNA,JACOB,CORELLON,WAZFANG,DAKAGROT,,,,,,,,,,
,,,,,,,,,,,,,,,CHICHLANDRA,JAIME,CORMYTH,MAGGOR,SNIKGUT,,,,,,,,,,
,,,,,,,,,,,,,,,CHIN’NESSTRE,JAMES,COUDOARLUTH,GRUMSTUF,SKABGRIM,,,,,,,,,,
,,,,,,,,,,,,,,,CHOMYLLA,JAMIE,CRAULNOBER,WORTSHAK,ZOGWORT,,,,,,,,,,
,,,,,,,,,,,,,,,CIYRADYL,JARED,CRYSTALIS,MAGSLAG,GROTWORT,,,,,,,,,,
,,,,,,,,,,,,,,,DAEALLA,JASON,CUBRINMYR,WAAFANG,ROTGOB,,,,,,,,,,
,,,,,,,,,,,,,,,DAENA,JAVIER,DARKBROOD,MEKARG,MEKBAD,,,,,,,,,,
,,,,,,,,,,,,,,,DAENESTRA,JAY,DARKCLOAK,MEKSOG,GRUMGOR,,,,,,,,,,
,,,,,,,,,,,,,,,DAENYS,JEFF,DARKWING,NUBSHAK,NUBGROT,,,,,,,,,,
,,,,,,,,,,,,,,,DAEONDRA,JEFFERY,DERYTH,WAA,DAKAGROD,,,,,,,,,,
,,,,,,,,,,,,,,,DOREAH,JEFFREY,DOR-LOMIN,GRIMGROD,GOBNOB,,,,,,,,,,
,,,,,,,,,,,,,,,ELARIA,JEREMY,DRAGONRIDER,WAZSLAG,MORGUT,,,,,,,,,,
,,,,,,,,,,,,,,,ELENWE,JEROME,EAGLELORD,NAZFUG,WORTROT,,,,,,,,,,
,,,,,,,,,,,,,,,ELLANIA,JERRY,EALOLOTH,NUBFANG,SNAGAGOR,,,,,,,,,,
,,,,,,,,,,,,,,,ELORA,JESSE,EALOVIEL,NAZGOB,NARGOG,,,,,,,,,,
,,,,,,,,,,,,,,,ELWING,JESSIE,EARCORN,MEKBAD,NARSTUF,,,,,,,,,,
,,,,,,,,,,,,,,,ELYSSA,JESUS,ELAÉYADAR,SNIKBOG,DUFFRUNT,,,,,,,,,,
,,,,,,,,,,,,,,,FHAERTALA,JIM,ELASSIDIL,ZOGUZ,ROTGRIM,,,,,,,,,,
,,,,,,,,,,,,,,,FILAUREL,JIMMIE,ELERELWA,NAZGRUB,SKARBAD,,,,,,,,,,
,,,,,,,,,,,,,,,FILAURIA,JIMMY,ELIAN,WAAWORT,GOBBOG,,,,,,,,,,
,,,,,,,,,,,,,,,FILDAERAE,JOE,ELKENMAGE,TOROBOG,DREGBAD,,,,,,,,,,
,,,,,,,,,,,,,,,FINDUILAS,JOEL,ELLARIAN,CHICHLANDRA,URTYDREG,,,,,,,,,,
,,,,,,,,,,,,,,,FRAEYA,JOHN,ELOND,TRANDBAD,WAAGOB,,,,,,,,,,
,,,,,,,,,,,,,,,GAELIRA,JOHNNIE,ERLADDEN,AKASH,ZOGGOG,,,,,,,,,,
,,,,,,,,,,,,,,,GAERRADH,JOHNNY,ERLSHADE,VAALGUZ,BADBOG,,,,,,,,,,
,,,,,,,,,,,,,,,GALADRIEL,JON,EROTH,FRAEYA,WORTGOB,,,,,,,,,,
,,,,,,,,,,,,,,,GAYLIA,JONATHAN,ERUIEN,DAEGRUB,OGSOG,,,,,,,,,,
,,,,,,,,,,,,,,,GHILANNA,JORDAN,ERUNONIDAN,ELWING,NAZZOD,,,,,,,,,,
,,,,,,,,,,,,,,,GILGALAD,JORGE,ESTELDA,AELBOG,NOBSTUF,,,,,,,,,,
,,,,,,,,,,,,,,,GLORFINDEL,JOSE,EVANARA,WAADHEL,NAZLUG,,,,,,,,,,
,,,,,,,,,,,,,,,GLYNNII,JOSEPH,FAEFINDAS,AELINOR,SKABTHUG,,,,,,,,,,
,,,,,,,,,,,,,,,GWEYR,JOSHUA,FAELEN,RAVABAD,GORLUG,,,,,,,,,,
,,,,,,,,,,,,,,,GWYNNESTRI,JUAN,FAENION,DAEONDRA,UGSTUF,,,,,,,,,,
,,,,,,,,,,,,,,,GYLLEDHA,JULIAN,FAENOR,TEHLGRUB,SKABROT,,,,,,,,,,
,,,,,,,,,,,,,,,HAALIJA,JULIO,FAERONDALAN,HACATHRA,ZOGROT,,,,,,,,,,
,,,,,,,,,,,,,,,HACATHRA,JUSTIN,FELARATHAEL,GILBAD,NAFFGROD,,,,,,,,,,
,,,,,,,,,,,,,,,HAELA,KARL,FINWE,GAELIRA,GRIMSKAB,,,,,,,,,,
,,,,,,,,,,,,,,,HALAEMA,KEITH,FLORALEI,PURTBOG,MOR,,,,,,,,,,
,,,,,,,,,,,,,,,HALAENA,KELLY,FLYLEAF,ALAIS,NUBWORT,,,,,,,,,,
,,,,,,,,,,,,,,,HALAMA,KEN,FROSTFANG,REYZBAD,GORBAG,,,,,,,,,,
,,,,,,,,,,,,,,,HALANAESTRA,KENNETH,GAELEN,GILGALAD,SNAGATHUG,,,,,,,,,,
,,,,,,,,,,,,,,,HAMEADA,KENT,GALAALTA,TORNOG,GUTGRIM,,,,,,,,,,
,,,,,,,,,,,,,,,HOLCENE,KEVIN,GOLDENLEAF,AREDHEL,BRUBGROD,,,,,,,,,,
,,,,,,,,,,,,,,,HOLONE,KIRK,GOURAEL,PURTGUZ,DURROT,,,,,,,,,,
,,,,,,,,,,,,,,,HYCIS,KURT,GREENCLOAK,SIIRIST,DURZOD,,,,,,,,,,
,,,,,,,,,,,,,,,IAHALAE,KYLE,GWAELON,RAEBOG,ZODSLAG,,,,,,,,,,
,,,,,,,,,,,,,,,IALANTHA,LANCE,HADIRSYR,TEHLMAR,ZODROT,,,,,,,,,,
,,,,,,,,,,,,,,,IDRIL,LARRY,HADOR,ZALTGA,OGOG,,,,,,,,,,
,,,,,,,,,,,,,,,IKESHIA,LAWRENCE,HAELL,THRANDUIL,UGGOB,,,,,,,,,,
,,,,,,,,,,,,,,,ILMADIA,LEE,HAERLGENT,GAELUG,MOROG,,,,,,,,,,
,,,,,,,,,,,,,,,ILYRANA,LEO,HALETH,RAVAPHINE,NUBSLAG,,,,,,,,,,
,,,,,,,,,,,,,,,ILYTHYRRA,LEON,HASTERIEN,ALAISZAG,URTYARG,,,,,,,,,,
,,,,,,,,,,,,,,,IMDALACE,LEONARD,HATANAR,VAALYUN,SNIKGOG,,,,,,,,,,
,,,,,,,,,,,,,,,IMIZAEL,LEROY,HELION,PORTNOG,WAZURTY,,,,,,,,,,
,,,,,,,,,,,,,,,IRITHIEL,LESLIE,HESSARION,RAEGEL,OG,,,,,,,,,,
,,,,,,,,,,,,,,,ITHIRAE,LESTER,IDHTULCDRACH,SIIRWORT,SKUMBOG,,,,,,,,,,
,,,,,,,,,,,,,,,IZIUEL,LEWIS,IEVOS,ZALTARISH,BRUBLUG,,,,,,,,,,
,,,,,,,,,,,,,,,JAHANDRA,LLOYD,ILIATHORR,SILVNOG,SNIKGUT,,,,,,,,,,
,,,,,,,,,,,,,,,KAEDA,LONNIE,ILNATAR,RAUNAERIL,ROTUZ,,,,,,,,,,
,,,,,,,,,,,,,,,KAYLESSA,LOUIS,IMMERIL,TEHLNEZ,MAGFUG,,,,,,,,,,
,,,,,,,,,,,,,,,KEARA,LUIS,IMPANTON,VAEGON,GROTNOB,,,,,,,,,,
,,,,,,,,,,,,,,,KEERLA,MANUEL,IMPHENON,GAELNOG,ZODTHUG,,,,,,,,,,
,,,,,,,,,,,,,,,KEISHARA,MARC,IPYLLASC,TOROSS,BRUBGOB,,,,,,,,,,
,,,,,,,,,,,,,,,KETHRYLLIA,MARCUS,IRIAN,TRANDBAD,DREG,,,,,,,,,,
,,,,,,,,,,,,,,,KEYA,MARIO,ISILIRAIELLYN,THERONA,ZODGROT,,,,,,,,,,
,,,,,,,,,,,,,,,KYRRHA,MARION,KADHORDUIL,NAMEZ,GRUMGUL,,,,,,,,,,
,,,,,,,,,,,,,,,KYTHAELA,MARK,KITHSIDHION,PURTHAM,MEKDREG,,,,,,,,,,
,,,,,,,,,,,,,,,LAAMTORA,MARSHALL,KRAOK,PIERNEG,GUTFUG,,,,,,,,,,
,,,,,,,,,,,,,,,LAEANNA,MARTIN,LAEDIREIL,SILVYR,MUGTEEF,,,,,,,,,,
,,,,,,,,,,,,,,,LAENA,MARVIN,LAELITHAR,SANDEZ,URTYFUG,,,,,,,,,,
,,,,,,,,,,,,,,,LAERDYA,MATHEW,LANNARSEER,REYSALOR,NOBGRIM,,,,,,,,,,
,,,,,,,,,,,,,,,LAZZIAR,MATTHEW,LARALYTHA,AQUABAD,NOBORK,,,,,,,,,,
,,,,,,,,,,,,,,,LEANDRA,MAURICE,LARBRINLAL,GWENOG,ZOGNOB,,,,,,,,,,
,,,,,,,,,,,,,,,LEILATHA,MAX,LARENTHANIL,SUDNIZ,GRIMROT,,,,,,,,,,
,,,,,,,,,,,,,,,LILUTH,MELVIN,LARETHIAN,CALEZ,GORSLAG,,,,,,,,,,
,,,,,,,,,,,,,,,LLAMRYL,MICHAEL,LASHRAEL,ELBJAR,NOBGOB,,,,,,,,,,
,,,,,,,,,,,,,,,LORELEI,MICHEAL,LASSAGASEER,ELENOSS,DAKAOG,,,,,,,,,,
,,,,,,,,,,,,,,,LÚTHIEN,MIGUEL,LASSLAIL,GALEGUZ,GORBAD,,,,,,,,,,
,,,,,,,,,,,,,,,LYRAESEL,MIKE,LEAADION,NUOBAD,SKABUZ,,,,,,,,,,
,,,,,,,,,,,,,,,MAALESHIIRA,MILTON,LIONDALE,NAMGUL,RATORK,,,,,,,,,,
,,,,,,,,,,,,,,,MAEGELLE,MITCHELL,LITHELON,HALANAGA,GRUMSHAK,,,,,,,,,,
,,,,,,,,,,,,,,,MAELYRRA,MORRIS,LITHRON,THERNAGA,BRUBZOD,,,,,,,,,,
,,,,,,,,,,,,,,,MAERALYA,NATHAN,MAEDHROS,TORBAD,OGGOR,,,,,,,,,,
,,,,,,,,,,,,,,,MARIAH,NATHANIEL,MAEGLIN,ELENWE,SKABGOB,,,,,,,,,,
,,,,,,,,,,,,,,,MEARA,NEIL,MAEIR,NUOVIS,GRUMARG,,,,,,,,,,
,,,,,,,,,,,,,,,MEREENA,NELSON,MAERTEL,CALAREL,UG,,,,,,,,,,
,,,,,,,,,,,,,,,MERLARA,NICHOLAS,MAGOR,KEERSKAG,SNIKUZ,,,,,,,,,,
,,,,,,,,,,,,,,,MIRIEL,NORMAN,MALTATHDAR,GWEYR,DURSLAG,,,,,,,,,,
,,,,,,,,,,,,,,,MORWEN,OSCAR,MOONDOWN,URMBAD,RATGOR,,,,,,,,,,
,,,,,,,,,,,,,,,MYLAELA,PATRICK,MOONFLOWER,BLYTHSWANA,WAATEEF,,,,,,,,,,
,,,,,,,,,,,,,,,MYRYNDA,PAUL,MOONFORD,VIOLENOG,NAZSNIK,,,,,,,,,,
,,,,,,,,,,,,,,,NUOVIS,PEDRO,MOONGLADE,MORWEN,WAZNOB,,,,,,,,,,
,,,,,,,,,,,,,,,NUSHALA,PERRY,MOONSHRINE,THERENG,GRUMBAG,,,,,,,,,,
,,,,,,,,,,,,,,,NYLAATHRIA,PETER,MOORFLY,SHEEDRA,ZOGGOR,,,,,,,,,,
,,,,,,,,,,,,,,,OCHYLLYSS,PHILIP,NENAIAS,HALANAG,MUGSKAB,,,,,,,,,,
,,,,,,,,,,,,,,,OLUEVAERA,PHILLIP,NHACHASHAAL,LLAMRYL,MEKGOB,,,,,,,,,,
,,,,,,,,,,,,,,,PHAERL,RAFAEL,NHAÉSLAL,BLYTHNOG,WORTTHUG,,,,,,,,,,
,,,,,,,,,,,,,,,PHANTYNI,RALPH,NHARIMLUR,DOREAH,NOBBOG,,,,,,,,,,
,,,,,,,,,,,,,,,PHELORNA,RAMON,NIGHTSTAR,SHEEBAD,SNOTFANG,,,,,,,,,,
,,,,,,,,,,,,,,,PHUINGARA,RANDALL,NIGHTSWATCH,RUBRAE,MAGOG,,,,,,,,,,
,,,,,,,,,,,,,,,PHYRRA,RANDY,NIGHTWING,TAKANAGA,WAZGRUB,,,,,,,,,,
,,,,,,,,,,,,,,,QUAELA,RAUL,NOLDORIN,PHAERL,URTYGUL,,,,,,,,,,
,,,,,,,,,,,,,,,QUAMARA,RAY,NORODIIR,SAEYA,NOBROT,,,,,,,,,,
,,,,,,,,,,,,,,,RAEJIISA,RAYMOND,NORTHSTAR,HALANAESTRA,GOBBAG,,,,,,,,,,
,,,,,,,,,,,,,,,RAERAUNTHA,REGINALD,OAKTREE,VIOLEN,SHAKWORT,,,,,,,,,,
,,,,,,,,,,,,,,,RATHIAIN,RENE,ONGLUTH,KEERLA,SKARSKAB,,,,,,,,,,
,,,,,,,,,,,,,,,REINYS,RICARDO,ORAMA,CELEBRÍAN,UZSTUF,,,,,,,,,,
,,,,,,,,,,,,,,,RENESTRAE,RICHARD,ORBRYN,URMICCA,BRUBOG,,,,,,,,,,
,,,,,,,,,,,,,,,RUBRAE,RICK,QUENDI,GAARBAD,SKARBOG,,,,,,,,,,
,,,,,,,,,,,,,,,RYLLAE,RICKY,REDWING,MERNEZ,DREGARG,,,,,,,,,,
,,,,,,,,,,,,,,,SAELIHN,ROBERT,RHOTHOMIR,ARWBAG,DURRUNT,,,,,,,,,,
,,,,,,,,,,,,,,,SAÉLIHN,ROBERTO,RHUIDHEN,RATHNOG,MUGORK,,,,,,,,,,
,,,,,,,,,,,,,,,SAEYA,RODNEY,RHYLLGALLOHYR,DAENEZ,GROTOG,,,,,,,,,,
,,,,,,,,,,,,,,,SASHA,ROGER,RIVLEAM,HAMEADNAGA,MEKSTUF,,,,,,,,,,
,,,,,,,,,,,,,,,SHALANA,ROLAND,RIVVIKYN,GLORFINBAD,HORBOG,,,,,,,,,,
,,,,,,,,,,,,,,,SHALANTHA,RON,RUNEMASTER,SHANDALOG,NEVARTH,,,,,,,,,,
,,,,,,,,,,,,,,,SHALHEIRA,RONALD,SARSANTYR,HAALIJA,NELDSKAR,,,,,,,,,,
,,,,,,,,,,,,,,,SHANDALAR,RONNIE,SELAKIIR,ZEALNAGA,ELBAUTHIN,,,,,,,,,,
,,,,,,,,,,,,,,,SHANYRRIA,ROSS,SELMER,IDRIL,CONRUNT,,,,,,,,,,
,,,,,,,,,,,,,,,SHARAERA,ROY,SHINESTAR,SHANDALNAGA,DAKATH,,,,,,,,,,
,,,,,,,,,,,,,,,SHEEDRA,RUBEN,SHIREDOVE,RATHIAIN,HORGARG,,,,,,,,,,
,,,,,,,,,,,,,,,SHIERA,RUSSELL,SILKSTREAM,HAALNAG,CONNAK,,,,,,,,,,
,,,,,,,,,,,,,,,SHYAEL,RYAN,SILTRAL,TAKARI,GAELRUNT,,,,,,,,,,
,,,,,,,,,,,,,,,SHYLLISYRR,SALVADOR,SILVERBOW,DAENAG,MONTAGOR,,,,,,,,,,
,,,,,,,,,,,,,,,SINNAFAIN,SAM,SILVERHAND,MEREENA,AKRUNT,,,,,,,,,,
,,,,,,,,,,,,,,,SOLIANIA,SAMUEL,SILVEROAK,RATHNEZ,ELASHOR,,,,,,,,,,
,,,,,,,,,,,,,,,SOORA,SCOTT,SILVERSPEAR,ZEALE,USUNSKAR,,,,,,,,,,
,,,,,,,,,,,,,,,SORSASTA,SEAN,SIMSERION,HAMDAR,AKKAR,,,,,,,,,,
,,,,,,,,,,,,,,,SUSKLAHAVA,SERGIO,SNOWFELL,AXILIA,HORTOG,,,,,,,,,,
,,,,,,,,,,,,,,,SYLMAE,SETH,SNOWREIGN,GAARNOG,FINROD,,,,,,,,,,
,,,,,,,,,,,,,,,SYMRUSTAR,SHANE,STILLHAWK,SHANDALAR,ERLGARG,,,,,,,,,,
,,,,,,,,,,,,,,,SYNDRA,SHAWN,STILMYST,BAELNOG,TURGON,,,,,,,,,,
,,,,,,,,,,,,,,,SYNNORHA,SIDNEY,STORMSPEAR,KEERNAGA,NELGORK,,,,,,,,,,
,,,,,,,,,,,,,,,SYRENESE,STANLEY,STRAETH,GLORFINDEL,UTHORIM,,,,,,,,,,
,,,,,,,,,,,,,,,SYRUNE,STEPHEN,STRONGBOW,NA,HERBOG,,,,,,,,,,
,,,,,,,,,,,,,,,SYVIIS,STEVE,SULDUSK,GLORNAG,BELEG,,,,,,,,,,
,,,,,,,,,,,,,,,TAENA,STEVEN,SUNFOAL,LOGSHAN,NESTBOG,,,,,,,,,,
,,,,,,,,,,,,,,,TAENYA,TED,SUNSHIELD,RILID,ELARAN,,,,,,,,,,
,,,,,,,,,,,,,,,TAERIEL,TERRANCE,SUNSTAR,THANRA,ERLARUNT,,,,,,,,,,
,,,,,,,,,,,,,,,TAKARI,TERRENCE,SYLLETH,KARITA,HERBALAR,,,,,,,,,,
,,,,,,,,,,,,,,,TALAEDRA,TERRY,TASSARION,REENOG,USSKAAR,,,,,,,,,,
,,,,,,,,,,,,,,,TALANASHTA,THEODORE,TATHDEL,LIAXNOG,HORITH,,,,,,,,,,
,,,,,,,,,,,,,,,TALILA,THOMAS,TAURNTYRITH,GAARBAD,ERLATHAN,,,,,,,,,,
,,,,,,,,,,,,,,,TALILIA,TIM,TELERIE,NOGBAEL,NELDOR,,,,,,,,,,
,,,,,,,,,,,,,,,TALINDRA,TIMOTHY,TELLYNNAN,NAGDAE,USUNAAR,,,,,,,,,,
,,,,,,,,,,,,,,,TAMARA,TODD,TESHURR,BAELEN,GAEL,,,,,,,,,,
,,,,,,,,,,,,,,,TARASYNORA,TOM,THALIEN,STARNOG,VIRJEON,,,,,,,,,,
,,,,,,,,,,,,,,,TEHARISSA,TOMMY,THOIMION,GAARBUCK,CONALL,,,,,,,,,,
,,,,,,,,,,,,,,,TIATHA,TONY,THOTHIION,NOGNA,NESTERIN,,,,,,,,,,
,,,,,,,,,,,,,,,TSARRA,TRACY,THUNDRUIL,BADWEN,AGIS,,,,,,,,,,
,,,,,,,,,,,,,,,TYRIA,TRAVIS,TIPANTDON,ADROG,SUDRYL,,,,,,,,,,
,,,,,,,,,,,,,,,URMICCA,TROY,TURNVALE,HAMADA,CELEBORN,,,,,,,,,,
,,,,,,,,,,,,,,,VAELLA,TYLER,TYRELL,BAELGAAR,ELANJAR,,,,,,,,,,
,,,,,,,,,,,,,,,VALINDRA,TYRONE,VANAMAEDUIL,GAARNA,FILVENDOR,,,,,,,,,,
,,,,,,,,,,,,,,,VEARA,VERNON,VANVATHAR,STAARNEZ,AESON,,,,,,,,,,
,,,,,,,,,,,,,,,VESTELE,VICTOR,VISPASIAL,DAEBAEL,DALYOR,,,,,,,,,,
,,,,,,,,,,,,,,,VIANSOLA,VINCENT,VORONBUND,NOGNAG,ELBERETH,,,,,,,,,,
,,,,,,,,,,,,,,,VIOLEN,VIRGIL,VYSHAAN,STARFANG,NELDBAD,,,,,,,,,,
,,,,,,,,,,,,,,,VISERRA,WADE,WAELVOR,DARTHSTANG,DALKAAR,,,,,,,,,,
,,,,,,,,,,,,,,,YAEREENE,WALLACE,WERLOTHTHAR,ARWEN,HORNOG,,,,,,,,,,
,,,,,,,,,,,,,,,YALANILUE,WALTER,WHITETHISTLE,ADSTANG,SNAABOG,,,,,,,,,,
,,,,,,,,,,,,,,,YATHLANAE,WARREN,WINDSLORE,CAULADRA,RABIZ,,,,,,,,,,
,,,,,,,,,,,,,,,YNSHAEL,WAYNE,WINDSTAR,GAARFANG,SUDBAD,,,,,,,,,,
,,,,,,,,,,,,,,,YRLISSA,WESLEY,WINDWALKER,HAMSTANG,CELENOG,,,,,,,,,,
,,,,,,,,,,,,,,,YRNEHA,WILLARD,WINGGLIDE,HAMEADA,ELANBAD,,,,,,,,,,
,,,,,,,,,,,,,,,YRNIELA,WILLIAM,WINTERMOON,DAENA,FILVNOG,,,,,,,,,,
,,,,,,,,,,,,,,,ZEALE,WILLIE,WOLFSPEAK,NOGFANG,AESBAD ,,,,,,,,,,
,,,,,,,,,,,,,,,ZHUIRENTEL,ZACHARY,YRAUOS,GAERRADH,,,,,,,,,,,
